,AdapterTime,BidPx,AskPx
0,2019-03-15 13:30:00.110074,1.13138,1.13141
1,2019-03-15 13:30:00.989444,1.1314,1.13143
2,2019-03-15 13:30:01.166787,1.13139,1.13142
3,2019-03-15 13:30:01.299475,1.1314,1.13144
4,2019-03-15 13:30:02.475137,1.13142,1.13145
5,2019-03-15 13:30:07.206197,1.1314,1.13143
6,2019-03-15 13:30:07.216629,1.13139,1.13142
7,2019-03-15 13:30:07.512917,1.13138,1.13141
8,2019-03-15 13:30:07.636624,1.13137,1.1314
9,2019-03-15 13:30:09.391763,1.13138,1.13141
10,2019-03-15 13:30:09.522262,1.13139,1.13143
11,2019-03-15 13:30:09.794138,1.13141,1.13144
12,2019-03-15 13:30:10.700278,1.13142,1.13146
13,2019-03-15 13:30:10.784855,1.13143,1.13147
14,2019-03-15 13:30:10.964334,1.13145,1.13148
15,2019-03-15 13:30:11.062882,1.13145,1.13149
16,2019-03-15 13:30:11.694307,1.13146,1.1315
17,2019-03-15 13:30:12.016788,1.13148,1.13152
18,2019-03-15 13:30:12.020016,1.1315,1.13154
19,2019-03-15 13:30:12.141072,1.13148,1.13152
20,2019-03-15 13:30:12.191115,1.13147,1.13151
21,2019-03-15 13:30:12.327668,1.13146,1.13149
22,2019-03-15 13:30:13.487437,1.13147,1.13151
23,2019-03-15 13:30:13.707309,1.13148,1.13152
24,2019-03-15 13:30:14.508709,1.13147,1.13151
25,2019-03-15 13:30:15.076964,1.13148,1.1315
26,2019-03-15 13:30:17.633379,1.13146,1.13149
27,2019-03-15 13:30:17.635342,1.13148,1.1315
28,2019-03-15 13:30:17.802586,1.13146,1.13149
29,2019-03-15 13:30:17.803880,1.13147,1.1315
30,2019-03-15 13:30:17.808565,1.13146,1.13148
31,2019-03-15 13:30:17.887507,1.13147,1.1315
32,2019-03-15 13:30:18.971203,1.13148,1.13151
33,2019-03-15 13:30:20.273712,1.13147,1.1315
34,2019-03-15 13:30:20.279496,1.13146,1.13148
35,2019-03-15 13:30:20.323150,1.13147,1.1315
36,2019-03-15 13:30:22.990061,1.13148,1.13151
37,2019-03-15 13:30:25.176894,1.13149,1.13152
38,2019-03-15 13:30:25.608336,1.13151,1.13153
39,2019-03-15 13:30:25.702280,1.13153,1.13155
40,2019-03-15 13:30:25.849590,1.13154,1.13156
41,2019-03-15 13:30:26.263553,1.13155,1.13158
42,2019-03-15 13:30:27.016507,1.13157,1.13159
43,2019-03-15 13:30:27.506973,1.13158,1.1316
44,2019-03-15 13:30:27.508896,1.13159,1.13161
45,2019-03-15 13:30:27.524943,1.1316,1.13163
46,2019-03-15 13:30:27.526934,1.13161,1.13164
47,2019-03-15 13:30:27.596187,1.13163,1.13165
48,2019-03-15 13:30:30.683684,1.13164,1.13166
49,2019-03-15 13:30:30.690859,1.13165,1.13167
50,2019-03-15 13:30:30.951598,1.13164,1.13166
51,2019-03-15 13:30:31.031644,1.13165,1.13167
52,2019-03-15 13:30:31.047714,1.13164,1.13166
53,2019-03-15 13:30:34.120734,1.13165,1.13167
54,2019-03-15 13:30:35.042625,1.13166,1.13169
55,2019-03-15 13:30:39.113090,1.13167,1.1317
56,2019-03-15 13:30:42.712678,1.13166,1.13169
57,2019-03-15 13:30:42.715275,1.13165,1.13167
58,2019-03-15 13:30:42.739119,1.13164,1.13166
59,2019-03-15 13:30:43.358684,1.13163,1.13165
60,2019-03-15 13:30:44.138728,1.13164,1.13166
61,2019-03-15 13:30:45.715366,1.13166,1.13169
62,2019-03-15 13:30:45.723029,1.13165,1.13168
63,2019-03-15 13:30:45.732309,1.13166,1.13169
64,2019-03-15 13:30:45.760790,1.13165,1.13168
65,2019-03-15 13:30:45.764213,1.13166,1.13169
66,2019-03-15 13:30:45.764475,1.13165,1.13168
67,2019-03-15 13:30:46.837859,1.13166,1.13169
68,2019-03-15 13:30:47.384641,1.13165,1.13168
69,2019-03-15 13:30:49.652518,1.13164,1.13166
70,2019-03-15 13:30:53.863063,1.13162,1.13165
71,2019-03-15 13:30:53.866610,1.13161,1.13164
72,2019-03-15 13:30:53.869786,1.1316,1.13162
73,2019-03-15 13:30:53.878881,1.13159,1.13161
74,2019-03-15 13:30:53.981091,1.1316,1.13163
75,2019-03-15 13:30:54.013891,1.13161,1.13164
76,2019-03-15 13:30:54.069781,1.13163,1.13165
77,2019-03-15 13:31:04.938232,1.13165,1.13167
78,2019-03-15 13:31:05.020587,1.13166,1.13169
79,2019-03-15 13:31:05.784660,1.13165,1.13168
80,2019-03-15 13:31:06.182298,1.13164,1.13167
81,2019-03-15 13:31:06.555309,1.13163,1.13165
82,2019-03-15 13:31:06.803278,1.13162,1.13164
83,2019-03-15 13:31:07.504976,1.1316,1.13163
84,2019-03-15 13:31:07.542443,1.13163,1.13165
85,2019-03-15 13:31:07.546112,1.13161,1.13164
86,2019-03-15 13:31:07.551251,1.13162,1.13165
87,2019-03-15 13:31:07.565169,1.13161,1.13164
88,2019-03-15 13:31:07.569980,1.13162,1.13165
89,2019-03-15 13:31:07.585146,1.13161,1.13164
90,2019-03-15 13:31:07.591968,1.13163,1.13165
91,2019-03-15 13:31:07.624030,1.13162,1.13164
92,2019-03-15 13:31:29.017275,1.13163,1.13165
93,2019-03-15 13:31:33.387390,1.13164,1.13167
94,2019-03-15 13:31:33.395022,1.13165,1.13168
95,2019-03-15 13:31:33.458400,1.13166,1.13169
96,2019-03-15 13:31:33.486490,1.13168,1.13171
97,2019-03-15 13:31:33.690204,1.1317,1.13172
98,2019-03-15 13:31:34.121157,1.13169,1.13171
99,2019-03-15 13:31:37.272517,1.1317,1.13172
100,2019-03-15 13:31:37.348610,1.13171,1.13174
101,2019-03-15 13:31:38.747680,1.13173,1.13175
102,2019-03-15 13:31:39.031764,1.13172,1.13174
103,2019-03-15 13:31:39.249719,1.1317,1.13173
104,2019-03-15 13:31:39.345394,1.13169,1.13172
105,2019-03-15 13:31:39.359896,1.13168,1.13171
106,2019-03-15 13:31:40.060080,1.13167,1.1317
107,2019-03-15 13:31:43.256657,1.13168,1.13171
108,2019-03-15 13:31:43.277714,1.13169,1.13172
109,2019-03-15 13:31:43.338051,1.13168,1.13171
110,2019-03-15 13:31:43.485081,1.13169,1.13172
111,2019-03-15 13:31:43.545443,1.13171,1.13173
112,2019-03-15 13:31:43.552022,1.13169,1.13172
113,2019-03-15 13:31:43.875794,1.13171,1.13173
114,2019-03-15 13:31:45.714506,1.13172,1.13174
115,2019-03-15 13:31:45.738261,1.13173,1.13176
116,2019-03-15 13:31:45.742378,1.13174,1.13177
117,2019-03-15 13:31:45.798986,1.13173,1.13176
118,2019-03-15 13:31:45.832276,1.13174,1.13177
119,2019-03-15 13:31:48.819618,1.13173,1.13176
120,2019-03-15 13:31:50.359134,1.13172,1.13174
121,2019-03-15 13:31:50.362132,1.13173,1.13175
122,2019-03-15 13:31:51.912407,1.13172,1.13174
123,2019-03-15 13:31:54.076173,1.13171,1.13173
124,2019-03-15 13:31:54.077779,1.1317,1.13172
125,2019-03-15 13:31:54.080630,1.13168,1.13171
126,2019-03-15 13:31:54.102068,1.13167,1.13169
127,2019-03-15 13:31:54.483289,1.13168,1.1317
128,2019-03-15 13:31:57.857853,1.13169,1.13172
129,2019-03-15 13:31:57.865896,1.1317,1.13173
130,2019-03-15 13:31:57.938248,1.13171,1.13174
131,2019-03-15 13:31:58.295978,1.1317,1.13173
132,2019-03-15 13:31:58.382816,1.13169,1.13171
133,2019-03-15 13:32:01.388907,1.1317,1.13173
134,2019-03-15 13:32:02.350223,1.13171,1.13174
135,2019-03-15 13:32:02.703080,1.13172,1.13175
136,2019-03-15 13:32:03.894058,1.13174,1.13176
137,2019-03-15 13:32:07.232936,1.13175,1.13178
138,2019-03-15 13:32:08.182547,1.13176,1.13179
139,2019-03-15 13:32:09.080787,1.13175,1.13178
140,2019-03-15 13:32:10.060154,1.13176,1.13179
141,2019-03-15 13:32:29.396574,1.13175,1.13177
142,2019-03-15 13:32:29.406739,1.13172,1.13175
143,2019-03-15 13:32:30.951543,1.13174,1.13176
144,2019-03-15 13:32:32.575871,1.13172,1.13175
145,2019-03-15 13:32:32.797273,1.13174,1.13176
146,2019-03-15 13:32:33.810847,1.13173,1.13175
147,2019-03-15 13:32:35.496977,1.13171,1.13174
148,2019-03-15 13:32:35.501683,1.1317,1.13172
149,2019-03-15 13:32:35.680589,1.13169,1.13171
150,2019-03-15 13:32:35.867777,1.1317,1.13172
151,2019-03-15 13:32:37.898421,1.13171,1.13173
152,2019-03-15 13:32:42.627895,1.13173,1.13175
153,2019-03-15 13:32:42.637934,1.13175,1.13177
154,2019-03-15 13:32:42.638402,1.13174,1.13176
155,2019-03-15 13:32:42.643849,1.13175,1.13177
156,2019-03-15 13:32:42.658998,1.13176,1.13179
157,2019-03-15 13:32:42.728938,1.13177,1.1318
158,2019-03-15 13:32:42.735312,1.13179,1.13182
159,2019-03-15 13:32:42.756900,1.1318,1.13183
160,2019-03-15 13:32:42.912853,1.13179,1.13182
161,2019-03-15 13:32:43.039999,1.13178,1.1318
162,2019-03-15 13:32:44.975130,1.13177,1.13179
163,2019-03-15 13:32:46.845903,1.13176,1.13178
164,2019-03-15 13:32:46.860144,1.13174,1.13177
165,2019-03-15 13:32:46.866808,1.13173,1.13175
166,2019-03-15 13:32:50.173727,1.13174,1.13177
167,2019-03-15 13:32:50.175071,1.13173,1.13176
168,2019-03-15 13:32:50.175344,1.13174,1.13177
169,2019-03-15 13:32:50.177317,1.13173,1.13176
170,2019-03-15 13:32:51.008609,1.13172,1.13175
171,2019-03-15 13:33:00.990388,1.1317,1.13172
172,2019-03-15 13:33:01.086481,1.13171,1.13173
173,2019-03-15 13:33:02.088521,1.13168,1.13171
174,2019-03-15 13:33:02.326585,1.1317,1.13172
175,2019-03-15 13:33:02.336632,1.13171,1.13174
176,2019-03-15 13:33:02.803686,1.13172,1.13175
177,2019-03-15 13:33:04.893733,1.13173,1.13176
178,2019-03-15 13:33:04.909395,1.13175,1.13177
179,2019-03-15 13:33:10.644303,1.13176,1.13178
180,2019-03-15 13:33:12.206795,1.13175,1.13177
181,2019-03-15 13:33:21.833030,1.13176,1.13178
182,2019-03-15 13:33:22.074190,1.13177,1.1318
183,2019-03-15 13:33:22.083867,1.13179,1.13182
184,2019-03-15 13:33:22.093197,1.13178,1.13181
185,2019-03-15 13:33:22.093462,1.13179,1.13182
186,2019-03-15 13:33:22.109203,1.13177,1.1318
187,2019-03-15 13:33:22.115425,1.13178,1.13181
188,2019-03-15 13:33:22.131719,1.13177,1.13179
189,2019-03-15 13:33:24.697166,1.13179,1.13181
190,2019-03-15 13:33:24.764296,1.13177,1.1318
191,2019-03-15 13:33:24.765064,1.13179,1.13181
192,2019-03-15 13:33:24.770093,1.13177,1.1318
193,2019-03-15 13:33:27.196671,1.13176,1.13179
194,2019-03-15 13:33:30.307116,1.13175,1.13178
195,2019-03-15 13:33:30.314328,1.13174,1.13176
196,2019-03-15 13:33:30.324320,1.13173,1.13175
197,2019-03-15 13:33:32.041401,1.13174,1.13176
198,2019-03-15 13:33:40.390283,1.13172,1.13175
199,2019-03-15 13:33:43.248046,1.13173,1.13176
200,2019-03-15 13:33:43.338691,1.13174,1.13177
201,2019-03-15 13:33:45.248691,1.13173,1.13176
202,2019-03-15 13:33:47.377122,1.13172,1.13175
203,2019-03-15 13:33:55.883827,1.13171,1.13173
204,2019-03-15 13:33:55.893046,1.13168,1.13171
205,2019-03-15 13:33:55.968260,1.13167,1.1317
206,2019-03-15 13:34:00.311224,1.13168,1.13171
207,2019-03-15 13:34:00.790982,1.13167,1.13169
208,2019-03-15 13:34:02.425886,1.13168,1.13171
209,2019-03-15 13:34:03.231484,1.1317,1.13172
210,2019-03-15 13:34:08.111629,1.13168,1.13171
211,2019-03-15 13:34:10.149643,1.1317,1.13172
212,2019-03-15 13:34:10.691976,1.13171,1.13173
213,2019-03-15 13:34:12.023415,1.13172,1.13175
214,2019-03-15 13:34:12.105419,1.13174,1.13176
215,2019-03-15 13:34:12.115488,1.13171,1.13173
216,2019-03-15 13:34:12.215862,1.13172,1.13174
217,2019-03-15 13:34:15.100944,1.13173,1.13176
218,2019-03-15 13:34:15.650280,1.13174,1.13177
219,2019-03-15 13:34:16.143478,1.13176,1.13178
220,2019-03-15 13:34:20.251586,1.13174,1.13177
221,2019-03-15 13:34:20.260521,1.13173,1.13176
222,2019-03-15 13:34:20.270542,1.13172,1.13175
223,2019-03-15 13:34:20.616362,1.13173,1.13176
224,2019-03-15 13:34:21.245301,1.13172,1.13175
225,2019-03-15 13:34:22.266127,1.13171,1.13173
226,2019-03-15 13:34:26.889573,1.1317,1.13172
227,2019-03-15 13:34:26.990306,1.13171,1.13173
228,2019-03-15 13:34:27.147673,1.13172,1.13175
229,2019-03-15 13:34:27.797596,1.13173,1.13176
230,2019-03-15 13:34:27.892397,1.13174,1.13177
231,2019-03-15 13:34:31.811604,1.13176,1.13178
232,2019-03-15 13:34:32.263897,1.13174,1.13177
233,2019-03-15 13:34:34.681962,1.13176,1.13178
234,2019-03-15 13:34:38.681007,1.13177,1.1318
235,2019-03-15 13:34:38.683831,1.13179,1.13182
236,2019-03-15 13:34:38.691268,1.13178,1.1318
237,2019-03-15 13:34:38.697078,1.13179,1.13182
238,2019-03-15 13:34:38.698825,1.13178,1.1318
239,2019-03-15 13:34:38.775980,1.13179,1.13182
240,2019-03-15 13:34:38.788913,1.13178,1.1318
241,2019-03-15 13:34:39.931592,1.13179,1.13181
242,2019-03-15 13:34:40.596803,1.13177,1.1318
243,2019-03-15 13:34:45.166072,1.13176,1.13179
244,2019-03-15 13:34:48.725561,1.13175,1.13178
245,2019-03-15 13:34:48.742373,1.13174,1.13176
246,2019-03-15 13:34:48.827887,1.13173,1.13175
247,2019-03-15 13:34:54.210667,1.13174,1.13177
248,2019-03-15 13:34:54.235589,1.13175,1.13178
249,2019-03-15 13:35:00.842754,1.13177,1.13179
250,2019-03-15 13:35:05.115053,1.13178,1.1318
251,2019-03-15 13:35:05.490141,1.13179,1.13182
252,2019-03-15 13:35:05.515168,1.13178,1.1318
253,2019-03-15 13:35:12.124828,1.13176,1.13179
254,2019-03-15 13:35:33.294939,1.13178,1.1318
255,2019-03-15 13:35:33.298583,1.13179,1.13182
256,2019-03-15 13:35:33.300240,1.13178,1.13181
257,2019-03-15 13:35:33.301121,1.1318,1.13182
258,2019-03-15 13:35:33.326310,1.1318,1.13183
259,2019-03-15 13:35:33.419579,1.13179,1.13182
260,2019-03-15 13:35:33.491662,1.1318,1.13183
261,2019-03-15 13:35:33.499931,1.13181,1.13184
262,2019-03-15 13:35:33.576654,1.13183,1.13185
263,2019-03-15 13:35:33.874010,1.13184,1.13187
264,2019-03-15 13:35:33.965069,1.13186,1.13188
265,2019-03-15 13:35:34.992363,1.13187,1.13189
266,2019-03-15 13:35:39.888626,1.13188,1.1319
267,2019-03-15 13:35:39.895886,1.13189,1.13192
268,2019-03-15 13:35:39.902093,1.13191,1.13193
269,2019-03-15 13:35:42.003440,1.13192,1.13194
270,2019-03-15 13:35:42.261547,1.13193,1.13196
271,2019-03-15 13:35:42.267424,1.13194,1.13197
272,2019-03-15 13:35:42.268864,1.13193,1.13196
273,2019-03-15 13:35:42.274988,1.13195,1.13197
274,2019-03-15 13:35:42.287642,1.13196,1.13198
275,2019-03-15 13:35:42.417731,1.13198,1.132
276,2019-03-15 13:35:42.418461,1.13196,1.13199
277,2019-03-15 13:35:42.436292,1.13197,1.132
278,2019-03-15 13:35:42.437981,1.13196,1.13199
279,2019-03-15 13:35:42.456247,1.13197,1.132
280,2019-03-15 13:35:42.458394,1.13196,1.13199
281,2019-03-15 13:35:42.554154,1.13197,1.132
282,2019-03-15 13:35:42.558683,1.13198,1.13201
283,2019-03-15 13:35:42.628849,1.13197,1.132
284,2019-03-15 13:35:42.631244,1.13198,1.13201
285,2019-03-15 13:35:42.637973,1.13199,1.13202
286,2019-03-15 13:35:42.638269,1.13198,1.13201
287,2019-03-15 13:35:42.640706,1.13199,1.13202
288,2019-03-15 13:35:42.642406,1.13198,1.132
289,2019-03-15 13:35:42.679302,1.13197,1.13199
290,2019-03-15 13:35:42.681958,1.13199,1.13202
291,2019-03-15 13:35:42.689160,1.13197,1.13199
292,2019-03-15 13:35:42.710308,1.13198,1.13201
293,2019-03-15 13:35:42.710719,1.13196,1.13199
294,2019-03-15 13:35:42.723643,1.13198,1.13201
295,2019-03-15 13:35:42.735141,1.13197,1.13199
296,2019-03-15 13:35:42.742851,1.13198,1.13201
297,2019-03-15 13:35:42.755953,1.13196,1.13198
298,2019-03-15 13:35:42.761461,1.13197,1.132
299,2019-03-15 13:35:42.764137,1.13196,1.13198
300,2019-03-15 13:35:42.782182,1.13197,1.13199
301,2019-03-15 13:35:44.355770,1.13198,1.13201
302,2019-03-15 13:35:44.358809,1.132,1.13202
303,2019-03-15 13:35:44.362088,1.13199,1.13201
304,2019-03-15 13:35:44.437502,1.132,1.13203
305,2019-03-15 13:35:44.558275,1.13201,1.13204
306,2019-03-15 13:35:46.895468,1.13203,1.13206
307,2019-03-15 13:35:46.898299,1.13206,1.13208
308,2019-03-15 13:35:46.923120,1.13207,1.13209
309,2019-03-15 13:35:46.940710,1.13206,1.13208
310,2019-03-15 13:35:47.090786,1.13208,1.1321
311,2019-03-15 13:35:47.096304,1.13206,1.13209
312,2019-03-15 13:35:47.099151,1.13208,1.1321
313,2019-03-15 13:35:47.230173,1.13209,1.13211
314,2019-03-15 13:35:47.584718,1.1321,1.13213
315,2019-03-15 13:35:47.662774,1.13208,1.13211
316,2019-03-15 13:35:47.680901,1.1321,1.13212
317,2019-03-15 13:35:47.684610,1.13208,1.13211
318,2019-03-15 13:35:47.700251,1.1321,1.13212
319,2019-03-15 13:35:47.710653,1.13208,1.13211
320,2019-03-15 13:35:48.469919,1.1321,1.13212
321,2019-03-15 13:35:48.487917,1.13211,1.13213
322,2019-03-15 13:35:48.875076,1.1321,1.13212
323,2019-03-15 13:35:49.968135,1.13208,1.13211
324,2019-03-15 13:35:49.970013,1.13207,1.1321
325,2019-03-15 13:35:49.997281,1.13206,1.13208
326,2019-03-15 13:35:50.032891,1.13205,1.13207
327,2019-03-15 13:35:50.046343,1.13203,1.13206
328,2019-03-15 13:35:50.243273,1.13202,1.13205
329,2019-03-15 13:35:52.148334,1.13201,1.13203
330,2019-03-15 13:35:52.164774,1.13199,1.13202
331,2019-03-15 13:35:52.221054,1.13197,1.13199
332,2019-03-15 13:35:52.342694,1.13195,1.13198
333,2019-03-15 13:35:52.343154,1.13196,1.13199
334,2019-03-15 13:35:52.344106,1.13195,1.13197
335,2019-03-15 13:35:52.661414,1.13194,1.13196
336,2019-03-15 13:35:57.334712,1.13195,1.13197
337,2019-03-15 13:35:57.574445,1.13194,1.13196
338,2019-03-15 13:35:59.264242,1.13192,1.13194
339,2019-03-15 13:35:59.264743,1.1319,1.13193
340,2019-03-15 13:35:59.269833,1.13189,1.13192
341,2019-03-15 13:35:59.331011,1.13191,1.13193
342,2019-03-15 13:35:59.334434,1.1319,1.13192
343,2019-03-15 13:35:59.375289,1.13188,1.13191
344,2019-03-15 13:36:00.156619,1.13189,1.13192
345,2019-03-15 13:36:00.581273,1.13191,1.13193
346,2019-03-15 13:36:01.836116,1.13192,1.13194
347,2019-03-15 13:36:01.840632,1.13193,1.13195
348,2019-03-15 13:36:04.233648,1.13192,1.13194
349,2019-03-15 13:36:05.794610,1.13193,1.13196
350,2019-03-15 13:36:05.806420,1.13194,1.13197
351,2019-03-15 13:36:05.880569,1.13196,1.13198
352,2019-03-15 13:36:07.316080,1.13194,1.13197
353,2019-03-15 13:36:07.568635,1.13196,1.13198
354,2019-03-15 13:36:07.578628,1.13197,1.13199
355,2019-03-15 13:36:09.204091,1.13198,1.13201
356,2019-03-15 13:36:09.219527,1.13199,1.13202
357,2019-03-15 13:36:09.358901,1.13198,1.132
358,2019-03-15 13:36:09.409231,1.13195,1.13198
359,2019-03-15 13:36:09.432084,1.13194,1.13197
360,2019-03-15 13:36:09.640898,1.13193,1.13195
361,2019-03-15 13:36:11.093819,1.13192,1.13194
362,2019-03-15 13:36:11.104034,1.1319,1.13193
363,2019-03-15 13:36:11.168614,1.13189,1.13191
364,2019-03-15 13:36:11.182236,1.13188,1.1319
365,2019-03-15 13:36:11.293806,1.13186,1.13189
366,2019-03-15 13:36:13.252388,1.13185,1.13188
367,2019-03-15 13:36:13.262721,1.13184,1.13186
368,2019-03-15 13:36:13.283951,1.13185,1.13187
369,2019-03-15 13:36:13.341801,1.13184,1.13186
370,2019-03-15 13:36:14.009934,1.13185,1.13187
371,2019-03-15 13:36:14.477079,1.13184,1.13186
372,2019-03-15 13:36:14.548050,1.13182,1.13185
373,2019-03-15 13:36:16.057507,1.13181,1.13184
374,2019-03-15 13:36:16.063361,1.1318,1.13182
375,2019-03-15 13:36:16.102972,1.13181,1.13184
376,2019-03-15 13:36:18.715639,1.13182,1.13185
377,2019-03-15 13:36:18.734143,1.13184,1.13186
378,2019-03-15 13:36:18.743414,1.13185,1.13187
379,2019-03-15 13:36:18.744739,1.13184,1.13186
380,2019-03-15 13:36:19.046844,1.13182,1.13185
381,2019-03-15 13:36:21.080460,1.13181,1.13184
382,2019-03-15 13:36:21.087279,1.1318,1.13183
383,2019-03-15 13:36:21.095124,1.13178,1.13181
384,2019-03-15 13:36:21.155720,1.13177,1.13179
385,2019-03-15 13:36:21.542349,1.13178,1.13181
386,2019-03-15 13:36:21.614475,1.13179,1.13182
387,2019-03-15 13:36:21.635930,1.13181,1.13183
388,2019-03-15 13:36:22.885107,1.1318,1.13182
389,2019-03-15 13:36:22.898101,1.13178,1.13181
390,2019-03-15 13:36:22.955899,1.13177,1.13179
391,2019-03-15 13:36:26.690224,1.13178,1.1318
392,2019-03-15 13:36:28.943113,1.13179,1.13181
393,2019-03-15 13:36:31.035548,1.1318,1.13182
394,2019-03-15 13:36:31.113733,1.13179,1.13181
395,2019-03-15 13:36:32.223336,1.1318,1.13182
396,2019-03-15 13:36:33.470227,1.13181,1.13183
397,2019-03-15 13:36:33.556463,1.13182,1.13185
398,2019-03-15 13:36:34.995460,1.13183,1.13186
399,2019-03-15 13:36:38.952101,1.13185,1.13187
400,2019-03-15 13:36:40.112558,1.13186,1.13188
401,2019-03-15 13:36:40.238874,1.13187,1.13189
402,2019-03-15 13:36:53.677218,1.13188,1.13191
403,2019-03-15 13:36:53.681750,1.13189,1.13192
404,2019-03-15 13:36:53.691101,1.13191,1.13193
405,2019-03-15 13:36:53.699267,1.13192,1.13194
406,2019-03-15 13:36:53.788077,1.13193,1.13196
407,2019-03-15 13:36:55.790454,1.13195,1.13197
408,2019-03-15 13:36:56.073025,1.13196,1.13199
409,2019-03-15 13:36:56.130700,1.13197,1.132
410,2019-03-15 13:36:57.991042,1.13199,1.13201
411,2019-03-15 13:36:57.997724,1.132,1.13202
412,2019-03-15 13:36:59.173682,1.13198,1.13201
413,2019-03-15 13:37:01.930269,1.13197,1.132
414,2019-03-15 13:37:01.944108,1.13196,1.13199
415,2019-03-15 13:37:01.955763,1.13194,1.13197
416,2019-03-15 13:37:03.301949,1.13196,1.13198
417,2019-03-15 13:37:05.584546,1.13195,1.13197
418,2019-03-15 13:37:13.978152,1.13196,1.13198
419,2019-03-15 13:37:14.164067,1.13195,1.13197
420,2019-03-15 13:37:14.944474,1.13196,1.13198
421,2019-03-15 13:37:24.924415,1.13195,1.13197
422,2019-03-15 13:37:27.084658,1.13194,1.13196
423,2019-03-15 13:37:27.104429,1.13192,1.13195
424,2019-03-15 13:37:28.663044,1.13191,1.13194
425,2019-03-15 13:37:28.669231,1.1319,1.13192
426,2019-03-15 13:37:28.741485,1.13188,1.13191
427,2019-03-15 13:37:28.753990,1.13187,1.1319
428,2019-03-15 13:37:29.911665,1.13185,1.13188
429,2019-03-15 13:37:29.918238,1.13184,1.13187
430,2019-03-15 13:37:29.954214,1.13183,1.13186
431,2019-03-15 13:37:33.860064,1.13184,1.13187
432,2019-03-15 13:37:33.874201,1.13185,1.13188
433,2019-03-15 13:37:38.589361,1.13187,1.13189
434,2019-03-15 13:37:41.844859,1.13188,1.13191
435,2019-03-15 13:37:41.881106,1.13189,1.13192
436,2019-03-15 13:37:41.893936,1.13191,1.13193
437,2019-03-15 13:37:41.964552,1.13192,1.13194
438,2019-03-15 13:37:44.037407,1.13191,1.13193
439,2019-03-15 13:37:46.550611,1.13192,1.13194
440,2019-03-15 13:37:54.901031,1.13193,1.13195
441,2019-03-15 13:37:54.912769,1.13194,1.13197
442,2019-03-15 13:37:54.920561,1.13195,1.13198
443,2019-03-15 13:37:58.264875,1.13197,1.13199
444,2019-03-15 13:37:59.081187,1.13198,1.132
445,2019-03-15 13:37:59.105930,1.132,1.13202
446,2019-03-15 13:37:59.150188,1.13198,1.13201
447,2019-03-15 13:37:59.160251,1.132,1.13202
448,2019-03-15 13:37:59.186879,1.13201,1.13204
449,2019-03-15 13:37:59.610016,1.13202,1.13205
450,2019-03-15 13:38:02.393910,1.13204,1.13206
451,2019-03-15 13:38:02.406810,1.13205,1.13208
452,2019-03-15 13:38:02.498927,1.13204,1.13207
453,2019-03-15 13:38:04.742841,1.13203,1.13205
454,2019-03-15 13:38:05.461165,1.13202,1.13204
455,2019-03-15 13:38:06.940341,1.132,1.13203
456,2019-03-15 13:38:10.278633,1.13201,1.13204
457,2019-03-15 13:38:10.466649,1.13203,1.13205
458,2019-03-15 13:38:16.049829,1.13204,1.13206
459,2019-03-15 13:38:16.051829,1.13205,1.13208
460,2019-03-15 13:38:16.065508,1.13206,1.13209
461,2019-03-15 13:38:16.065823,1.13205,1.13208
462,2019-03-15 13:38:16.068037,1.13207,1.13209
463,2019-03-15 13:38:16.073416,1.13209,1.13211
464,2019-03-15 13:38:16.073864,1.13208,1.1321
465,2019-03-15 13:38:16.111458,1.13207,1.13209
466,2019-03-15 13:38:16.118344,1.13205,1.13208
467,2019-03-15 13:38:16.122405,1.13207,1.1321
468,2019-03-15 13:38:16.124608,1.13206,1.13208
469,2019-03-15 13:38:16.138735,1.13207,1.13209
470,2019-03-15 13:38:16.216218,1.13208,1.13211
471,2019-03-15 13:38:16.235522,1.13209,1.13212
472,2019-03-15 13:38:16.285084,1.1321,1.13213
473,2019-03-15 13:38:16.300452,1.13209,1.13212
474,2019-03-15 13:38:16.300805,1.1321,1.13213
475,2019-03-15 13:38:16.410432,1.13211,1.13214
476,2019-03-15 13:38:17.025632,1.13212,1.13215
477,2019-03-15 13:38:17.040578,1.13214,1.13217
478,2019-03-15 13:38:17.058590,1.13216,1.13219
479,2019-03-15 13:38:17.078994,1.13218,1.13221
480,2019-03-15 13:38:17.079464,1.13218,1.13222
481,2019-03-15 13:38:17.082999,1.13218,1.13223
482,2019-03-15 13:38:17.087954,1.13221,1.13224
483,2019-03-15 13:38:17.107941,1.1322,1.13225
484,2019-03-15 13:38:17.124213,1.1322,1.13224
485,2019-03-15 13:38:17.132855,1.13222,1.13225
486,2019-03-15 13:38:17.145817,1.13223,1.13227
487,2019-03-15 13:38:17.151444,1.13224,1.13228
488,2019-03-15 13:38:17.163012,1.13226,1.13228
489,2019-03-15 13:38:17.164685,1.13224,1.13227
490,2019-03-15 13:38:17.165933,1.13226,1.13228
491,2019-03-15 13:38:17.166363,1.13225,1.13227
492,2019-03-15 13:38:17.171464,1.13226,1.13228
493,2019-03-15 13:38:17.172446,1.13224,1.13227
494,2019-03-15 13:38:17.187827,1.13226,1.13228
495,2019-03-15 13:38:17.199472,1.13227,1.1323
496,2019-03-15 13:38:17.208178,1.13228,1.13231
497,2019-03-15 13:38:17.210265,1.1323,1.13232
498,2019-03-15 13:38:17.215381,1.13229,1.13231
499,2019-03-15 13:38:17.243691,1.1323,1.13232
500,2019-03-15 13:38:17.291993,1.13228,1.13231
501,2019-03-15 13:38:17.819434,1.13227,1.13229
502,2019-03-15 13:38:19.223629,1.13225,1.13228
503,2019-03-15 13:38:19.228203,1.13224,1.13227
504,2019-03-15 13:38:19.231439,1.13223,1.13225
505,2019-03-15 13:38:19.299308,1.13221,1.13224
506,2019-03-15 13:38:19.326677,1.1322,1.13222
507,2019-03-15 13:38:19.626521,1.13221,1.13223
508,2019-03-15 13:38:19.655520,1.13219,1.13222
509,2019-03-15 13:38:19.675371,1.13218,1.13221
510,2019-03-15 13:38:19.703186,1.13219,1.13222
511,2019-03-15 13:38:20.390891,1.13221,1.13223
512,2019-03-15 13:38:20.404929,1.13222,1.13224
513,2019-03-15 13:38:20.488746,1.13221,1.13223
514,2019-03-15 13:38:22.137572,1.13219,1.13222
515,2019-03-15 13:38:22.358478,1.13218,1.13221
516,2019-03-15 13:38:23.359868,1.1322,1.13223
517,2019-03-15 13:38:23.444487,1.13221,1.13224
518,2019-03-15 13:38:24.377902,1.13222,1.13225
519,2019-03-15 13:38:24.406359,1.13224,1.13226
520,2019-03-15 13:38:24.410907,1.13225,1.13227
521,2019-03-15 13:38:24.437143,1.13224,1.13226
522,2019-03-15 13:38:25.147383,1.13225,1.13227
523,2019-03-15 13:38:25.193488,1.13226,1.13228
524,2019-03-15 13:38:25.397490,1.13227,1.13229
525,2019-03-15 13:38:25.451040,1.13228,1.13231
526,2019-03-15 13:38:25.526629,1.1323,1.13232
527,2019-03-15 13:38:25.848074,1.13231,1.13233
528,2019-03-15 13:38:25.868559,1.13232,1.13234
529,2019-03-15 13:38:26.009497,1.13231,1.13233
530,2019-03-15 13:38:26.018153,1.1323,1.13232
531,2019-03-15 13:38:26.119453,1.13228,1.13231
532,2019-03-15 13:38:26.167719,1.1323,1.13232
533,2019-03-15 13:38:26.180753,1.13231,1.13233
534,2019-03-15 13:38:26.370212,1.13232,1.13234
535,2019-03-15 13:38:26.470614,1.13233,1.13236
536,2019-03-15 13:38:27.576351,1.13235,1.13237
537,2019-03-15 13:38:27.903571,1.13234,1.13236
538,2019-03-15 13:38:28.151814,1.13235,1.13237
539,2019-03-15 13:38:28.154917,1.13236,1.13239
540,2019-03-15 13:38:28.245638,1.13239,1.13242
541,2019-03-15 13:38:28.245907,1.13236,1.13239
542,2019-03-15 13:38:28.255327,1.13239,1.13242
543,2019-03-15 13:38:28.264549,1.13236,1.13239
544,2019-03-15 13:38:28.276193,1.13239,1.13241
545,2019-03-15 13:38:28.289790,1.13236,1.13239
546,2019-03-15 13:38:28.297204,1.13238,1.13241
547,2019-03-15 13:38:28.302032,1.13236,1.13239
548,2019-03-15 13:38:28.307185,1.13239,1.13241
549,2019-03-15 13:38:28.328674,1.1324,1.13243
550,2019-03-15 13:38:28.344724,1.1324,1.13244
551,2019-03-15 13:38:28.344989,1.1324,1.13246
552,2019-03-15 13:38:28.345290,1.1324,1.13248
553,2019-03-15 13:38:28.352424,1.13244,1.13247
554,2019-03-15 13:38:28.352922,1.13247,1.1325
555,2019-03-15 13:38:28.366281,1.13245,1.13248
556,2019-03-15 13:38:28.368830,1.13248,1.1325
557,2019-03-15 13:38:28.385053,1.13244,1.13247
558,2019-03-15 13:38:29.027805,1.13246,1.13249
559,2019-03-15 13:38:29.028094,1.13245,1.13247
560,2019-03-15 13:38:29.030218,1.13246,1.13249
561,2019-03-15 13:38:29.032711,1.13248,1.1325
562,2019-03-15 13:38:29.033143,1.13246,1.13249
563,2019-03-15 13:38:29.035124,1.13248,1.1325
564,2019-03-15 13:38:29.035665,1.13247,1.13249
565,2019-03-15 13:38:29.036074,1.13245,1.13248
566,2019-03-15 13:38:29.400586,1.13244,1.13247
567,2019-03-15 13:38:29.520402,1.13243,1.13245
568,2019-03-15 13:38:29.981763,1.13245,1.13247
569,2019-03-15 13:38:30.002826,1.13243,1.13246
570,2019-03-15 13:38:30.353734,1.13244,1.13247
571,2019-03-15 13:38:30.362893,1.13246,1.13248
572,2019-03-15 13:38:30.473994,1.13247,1.13249
573,2019-03-15 13:38:30.534796,1.13245,1.13248
574,2019-03-15 13:38:30.723196,1.13246,1.13249
575,2019-03-15 13:38:31.574176,1.13247,1.1325
576,2019-03-15 13:38:31.654338,1.13248,1.13251
577,2019-03-15 13:38:31.667399,1.13247,1.1325
578,2019-03-15 13:38:31.735869,1.13248,1.13251
579,2019-03-15 13:38:31.749670,1.1325,1.13252
580,2019-03-15 13:38:31.778478,1.1325,1.13253
581,2019-03-15 13:38:31.833965,1.13252,1.13254
582,2019-03-15 13:38:31.849542,1.13251,1.13253
583,2019-03-15 13:38:31.867936,1.1325,1.13252
584,2019-03-15 13:38:31.904455,1.13251,1.13253
585,2019-03-15 13:38:32.298418,1.1325,1.13252
586,2019-03-15 13:38:32.343539,1.13248,1.13251
587,2019-03-15 13:38:32.746355,1.13247,1.13249
588,2019-03-15 13:38:33.206227,1.13245,1.13248
589,2019-03-15 13:38:33.207117,1.13246,1.13249
590,2019-03-15 13:38:33.207559,1.13245,1.13248
591,2019-03-15 13:38:33.213926,1.13244,1.13246
592,2019-03-15 13:38:33.221929,1.13242,1.13245
593,2019-03-15 13:38:33.222240,1.13244,1.13246
594,2019-03-15 13:38:33.304268,1.13242,1.13244
595,2019-03-15 13:38:33.328104,1.13243,1.13246
596,2019-03-15 13:38:33.333863,1.13244,1.13247
597,2019-03-15 13:38:33.334248,1.13242,1.13245
598,2019-03-15 13:38:33.343965,1.13244,1.13246
599,2019-03-15 13:38:33.344769,1.13242,1.13245
600,2019-03-15 13:38:33.384288,1.13241,1.13243
601,2019-03-15 13:38:33.421667,1.13243,1.13245
602,2019-03-15 13:38:33.433672,1.13241,1.13244
603,2019-03-15 13:38:33.436943,1.13243,1.13245
604,2019-03-15 13:38:33.443874,1.13242,1.13244
605,2019-03-15 13:38:34.870915,1.13243,1.13246
606,2019-03-15 13:38:34.880174,1.13245,1.13248
607,2019-03-15 13:38:34.966603,1.13246,1.13249
608,2019-03-15 13:38:35.033973,1.13245,1.13248
609,2019-03-15 13:38:35.062193,1.13246,1.13249
610,2019-03-15 13:38:35.095429,1.13248,1.1325
611,2019-03-15 13:38:35.141209,1.13247,1.13249
612,2019-03-15 13:38:35.163939,1.13246,1.13248
613,2019-03-15 13:38:35.198318,1.13244,1.13246
614,2019-03-15 13:38:35.209710,1.13245,1.13247
615,2019-03-15 13:38:35.363229,1.13246,1.13248
616,2019-03-15 13:38:35.381271,1.13247,1.1325
617,2019-03-15 13:38:35.678028,1.13248,1.13251
618,2019-03-15 13:38:35.785867,1.13247,1.1325
619,2019-03-15 13:38:35.863536,1.13246,1.13249
620,2019-03-15 13:38:36.279055,1.13245,1.13248
621,2019-03-15 13:38:36.294381,1.13246,1.13249
622,2019-03-15 13:38:36.308847,1.13248,1.1325
623,2019-03-15 13:38:36.530819,1.13246,1.13249
624,2019-03-15 13:38:36.539776,1.13245,1.13247
625,2019-03-15 13:38:36.587096,1.13246,1.13249
626,2019-03-15 13:38:36.676960,1.13247,1.1325
627,2019-03-15 13:38:37.332287,1.13246,1.13249
628,2019-03-15 13:38:37.438547,1.13245,1.13247
629,2019-03-15 13:38:39.128437,1.13244,1.13246
630,2019-03-15 13:38:39.130679,1.13242,1.13245
631,2019-03-15 13:38:39.135851,1.13241,1.13244
632,2019-03-15 13:38:39.667718,1.1324,1.13243
633,2019-03-15 13:38:40.262738,1.13241,1.13244
634,2019-03-15 13:38:40.270866,1.13242,1.13245
635,2019-03-15 13:38:40.348553,1.13244,1.13246
636,2019-03-15 13:38:40.493636,1.13242,1.13245
637,2019-03-15 13:38:40.501274,1.13241,1.13244
638,2019-03-15 13:38:40.511623,1.1324,1.13243
639,2019-03-15 13:38:44.759643,1.13241,1.13244
640,2019-03-15 13:38:44.776560,1.13242,1.13245
641,2019-03-15 13:38:44.776960,1.13244,1.13246
642,2019-03-15 13:38:44.781170,1.13242,1.13245
643,2019-03-15 13:38:44.838922,1.13243,1.13246
644,2019-03-15 13:38:47.393154,1.13244,1.13247
645,2019-03-15 13:38:47.414333,1.13246,1.13248
646,2019-03-15 13:38:47.419531,1.13247,1.1325
647,2019-03-15 13:38:47.468577,1.13248,1.13251
648,2019-03-15 13:38:47.535938,1.13249,1.13252
649,2019-03-15 13:38:47.565699,1.1325,1.13253
650,2019-03-15 13:38:47.566428,1.1325,1.13252
651,2019-03-15 13:38:47.584492,1.1325,1.13253
652,2019-03-15 13:38:47.589385,1.1325,1.13252
653,2019-03-15 13:38:47.665738,1.1325,1.13254
654,2019-03-15 13:38:47.667833,1.1325,1.13256
655,2019-03-15 13:38:47.669917,1.1325,1.13257
656,2019-03-15 13:38:47.674949,1.1325,1.13256
657,2019-03-15 13:38:47.676520,1.1325,1.13257
658,2019-03-15 13:38:47.696006,1.1325,1.13256
659,2019-03-15 13:38:47.705040,1.1325,1.13257
660,2019-03-15 13:38:47.708784,1.13255,1.13258
661,2019-03-15 13:38:47.715138,1.13254,1.13257
662,2019-03-15 13:38:47.718192,1.13256,1.13258
663,2019-03-15 13:38:47.741515,1.13254,1.13257
664,2019-03-15 13:38:47.754775,1.13253,1.13256
665,2019-03-15 13:38:47.756247,1.13252,1.13254
666,2019-03-15 13:38:47.768764,1.1325,1.13254
667,2019-03-15 13:38:47.778135,1.13249,1.13252
668,2019-03-15 13:38:47.790015,1.1325,1.13253
669,2019-03-15 13:38:47.790341,1.13249,1.13252
670,2019-03-15 13:38:47.816811,1.13251,1.13253
671,2019-03-15 13:38:47.852463,1.13249,1.13251
672,2019-03-15 13:38:47.905739,1.1325,1.13252
673,2019-03-15 13:38:47.921490,1.13251,1.13253
674,2019-03-15 13:38:47.925564,1.13252,1.13255
675,2019-03-15 13:38:47.980781,1.13251,1.13254
676,2019-03-15 13:38:47.999535,1.13249,1.13252
677,2019-03-15 13:38:48.000256,1.1325,1.13253
678,2019-03-15 13:38:48.012723,1.13252,1.13254
679,2019-03-15 13:38:48.902372,1.13253,1.13256
680,2019-03-15 13:38:49.238846,1.13251,1.13254
681,2019-03-15 13:38:49.240566,1.13249,1.13252
682,2019-03-15 13:38:49.433955,1.1325,1.13253
683,2019-03-15 13:38:49.582418,1.13252,1.13254
684,2019-03-15 13:38:49.609339,1.13253,1.13255
685,2019-03-15 13:38:50.191039,1.13254,1.13256
686,2019-03-15 13:38:50.387496,1.13255,1.13258
687,2019-03-15 13:38:50.406102,1.13256,1.13259
688,2019-03-15 13:38:50.838821,1.13255,1.13258
689,2019-03-15 13:38:51.612652,1.13256,1.13259
690,2019-03-15 13:38:51.689978,1.13258,1.1326
691,2019-03-15 13:38:52.331383,1.13256,1.13259
692,2019-03-15 13:38:53.108038,1.13255,1.13258
693,2019-03-15 13:38:53.170796,1.13254,1.13257
694,2019-03-15 13:38:53.300529,1.13255,1.13258
695,2019-03-15 13:38:53.960688,1.13254,1.13256
696,2019-03-15 13:38:54.523994,1.13255,1.13258
697,2019-03-15 13:38:57.048019,1.13254,1.13257
698,2019-03-15 13:38:58.186926,1.13255,1.13258
699,2019-03-15 13:38:58.205393,1.13257,1.13259
700,2019-03-15 13:38:58.297937,1.13258,1.1326
701,2019-03-15 13:38:58.803537,1.13257,1.13259
702,2019-03-15 13:38:58.853604,1.13258,1.13261
703,2019-03-15 13:38:59.509989,1.13257,1.1326
704,2019-03-15 13:39:00.292192,1.13258,1.13261
705,2019-03-15 13:39:00.727240,1.13259,1.13262
706,2019-03-15 13:39:00.732041,1.13259,1.13264
707,2019-03-15 13:39:00.734374,1.1326,1.13264
708,2019-03-15 13:39:00.738408,1.13261,1.13264
709,2019-03-15 13:39:00.738906,1.1326,1.13264
710,2019-03-15 13:39:00.769192,1.13259,1.13262
711,2019-03-15 13:39:02.065609,1.13258,1.13261
712,2019-03-15 13:39:02.071122,1.13257,1.1326
713,2019-03-15 13:39:02.129619,1.13256,1.13258
714,2019-03-15 13:39:02.645567,1.13257,1.1326
715,2019-03-15 13:39:02.682219,1.13258,1.13261
716,2019-03-15 13:39:02.684694,1.13257,1.1326
717,2019-03-15 13:39:03.189571,1.13256,1.13258
718,2019-03-15 13:39:03.268260,1.13257,1.1326
719,2019-03-15 13:39:03.730867,1.13258,1.13262
720,2019-03-15 13:39:03.808119,1.13258,1.13261
721,2019-03-15 13:39:04.068586,1.13257,1.1326
722,2019-03-15 13:39:04.353758,1.13255,1.13258
723,2019-03-15 13:39:04.532542,1.13257,1.13259
724,2019-03-15 13:39:05.042790,1.13258,1.1326
725,2019-03-15 13:39:05.071957,1.13256,1.13259
726,2019-03-15 13:39:05.117999,1.13255,1.13258
727,2019-03-15 13:39:05.126563,1.13254,1.13256
728,2019-03-15 13:39:05.131950,1.13255,1.13257
729,2019-03-15 13:39:05.138690,1.13253,1.13256
730,2019-03-15 13:39:05.176878,1.13255,1.13257
731,2019-03-15 13:39:05.188141,1.13254,1.13256
732,2019-03-15 13:39:05.192669,1.13252,1.13255
733,2019-03-15 13:39:05.193103,1.13254,1.13256
734,2019-03-15 13:39:05.196663,1.13252,1.13255
735,2019-03-15 13:39:05.199128,1.13253,1.13256
736,2019-03-15 13:39:05.199607,1.13252,1.13255
737,2019-03-15 13:39:05.199918,1.13253,1.13256
738,2019-03-15 13:39:05.200737,1.13252,1.13254
739,2019-03-15 13:39:05.212756,1.13253,1.13255
740,2019-03-15 13:39:05.213230,1.13252,1.13254
741,2019-03-15 13:39:05.271841,1.13253,1.13255
742,2019-03-15 13:39:05.274826,1.13252,1.13254
743,2019-03-15 13:39:05.277020,1.13253,1.13256
744,2019-03-15 13:39:05.491241,1.13251,1.13253
745,2019-03-15 13:39:05.491682,1.13252,1.13255
746,2019-03-15 13:39:06.334575,1.13253,1.13256
747,2019-03-15 13:39:08.695063,1.13252,1.13255
748,2019-03-15 13:39:08.725557,1.13251,1.13254
749,2019-03-15 13:39:08.853644,1.13252,1.13255
750,2019-03-15 13:39:08.894749,1.13253,1.13256
751,2019-03-15 13:39:10.346483,1.13255,1.13257
752,2019-03-15 13:39:10.646201,1.13254,1.13256
753,2019-03-15 13:39:12.209330,1.13253,1.13255
754,2019-03-15 13:39:12.214525,1.13251,1.13254
755,2019-03-15 13:39:13.449598,1.1325,1.13253
756,2019-03-15 13:39:13.619673,1.13249,1.13251
757,2019-03-15 13:39:13.623546,1.13248,1.1325
758,2019-03-15 13:39:13.630143,1.13247,1.13249
759,2019-03-15 13:39:13.683396,1.13248,1.1325
760,2019-03-15 13:39:13.705972,1.13247,1.13249
761,2019-03-15 13:39:13.733831,1.13245,1.13248
762,2019-03-15 13:39:13.765570,1.13247,1.13249
763,2019-03-15 13:39:14.377381,1.13246,1.13248
764,2019-03-15 13:39:14.493600,1.13244,1.13247
765,2019-03-15 13:39:15.029364,1.13243,1.13246
766,2019-03-15 13:39:15.605149,1.13244,1.13247
767,2019-03-15 13:39:15.625521,1.13246,1.13249
768,2019-03-15 13:39:15.634027,1.13248,1.1325
769,2019-03-15 13:39:15.644451,1.13246,1.13249
770,2019-03-15 13:39:15.875392,1.13245,1.13248
771,2019-03-15 13:39:16.010859,1.13244,1.13246
772,2019-03-15 13:39:16.573513,1.13241,1.13244
773,2019-03-15 13:39:16.581447,1.13239,1.13242
774,2019-03-15 13:39:16.605001,1.13238,1.13241
775,2019-03-15 13:39:17.747491,1.13237,1.1324
776,2019-03-15 13:39:17.809330,1.13236,1.13238
777,2019-03-15 13:39:18.098764,1.13237,1.13239
778,2019-03-15 13:39:18.362655,1.13238,1.13241
779,2019-03-15 13:39:21.345477,1.13239,1.13242
780,2019-03-15 13:39:21.424671,1.13241,1.13243
781,2019-03-15 13:39:21.431770,1.13242,1.13245
782,2019-03-15 13:39:21.523607,1.13243,1.13246
783,2019-03-15 13:39:21.869460,1.13242,1.13244
784,2019-03-15 13:39:21.943759,1.1324,1.13243
785,2019-03-15 13:39:22.677339,1.13239,1.13242
786,2019-03-15 13:39:24.418187,1.13238,1.13241
787,2019-03-15 13:39:24.964602,1.1324,1.13242
788,2019-03-15 13:39:27.568744,1.13238,1.1324
789,2019-03-15 13:39:27.763913,1.13239,1.13241
790,2019-03-15 13:39:32.157269,1.1324,1.13242
791,2019-03-15 13:39:33.457341,1.13241,1.13244
792,2019-03-15 13:39:33.646018,1.13242,1.13245
793,2019-03-15 13:39:42.518071,1.13241,1.13243
794,2019-03-15 13:39:42.525695,1.13239,1.13242
795,2019-03-15 13:39:42.527360,1.13241,1.13243
796,2019-03-15 13:39:42.528869,1.13239,1.13242
797,2019-03-15 13:39:42.546099,1.13238,1.13241
798,2019-03-15 13:39:42.602114,1.13237,1.13239
799,2019-03-15 13:39:42.686183,1.13235,1.13238
800,2019-03-15 13:39:42.696891,1.13236,1.13239
801,2019-03-15 13:39:42.698697,1.13235,1.13238
802,2019-03-15 13:39:42.717419,1.13237,1.13239
803,2019-03-15 13:39:42.749211,1.13235,1.13238
804,2019-03-15 13:39:42.783490,1.13237,1.13239
805,2019-03-15 13:39:44.883199,1.13235,1.13237
806,2019-03-15 13:39:44.890430,1.13233,1.13236
807,2019-03-15 13:39:46.864413,1.13234,1.13237
808,2019-03-15 13:39:47.065139,1.13236,1.13238
809,2019-03-15 13:39:47.580439,1.13235,1.13237
810,2019-03-15 13:39:48.075120,1.13233,1.13236
811,2019-03-15 13:39:52.793322,1.13232,1.13235
812,2019-03-15 13:40:00.108402,1.13233,1.13236
813,2019-03-15 13:40:00.322695,1.13234,1.13237
814,2019-03-15 13:40:00.436772,1.13233,1.13236
815,2019-03-15 13:40:00.555202,1.13232,1.13234
816,2019-03-15 13:40:00.629289,1.13231,1.13233
817,2019-03-15 13:40:00.688393,1.13232,1.13234
818,2019-03-15 13:40:00.966360,1.13233,1.13236
819,2019-03-15 13:40:00.975346,1.13234,1.13237
820,2019-03-15 13:40:02.314712,1.13236,1.13238
821,2019-03-15 13:40:02.616453,1.13238,1.13241
822,2019-03-15 13:40:02.631307,1.1324,1.13242
823,2019-03-15 13:40:02.670523,1.13238,1.13241
824,2019-03-15 13:40:03.359665,1.1324,1.13242
825,2019-03-15 13:40:03.444474,1.13241,1.13244
826,2019-03-15 13:40:10.811741,1.13242,1.13245
827,2019-03-15 13:40:10.817631,1.13244,1.13246
828,2019-03-15 13:40:10.823390,1.13245,1.13247
829,2019-03-15 13:40:11.489520,1.13246,1.13248
830,2019-03-15 13:40:12.124319,1.13244,1.13247
831,2019-03-15 13:40:12.437322,1.13243,1.13246
832,2019-03-15 13:40:14.360956,1.13245,1.13247
833,2019-03-15 13:40:14.370550,1.13246,1.13248
834,2019-03-15 13:40:14.447150,1.13247,1.13249
835,2019-03-15 13:40:19.953661,1.13245,1.13248
836,2019-03-15 13:40:19.959586,1.13246,1.13249
837,2019-03-15 13:40:19.962261,1.13245,1.13248
838,2019-03-15 13:40:19.964990,1.13244,1.13246
839,2019-03-15 13:40:19.977943,1.13242,1.13245
840,2019-03-15 13:40:21.642973,1.13243,1.13246
841,2019-03-15 13:40:21.676979,1.13245,1.13247
842,2019-03-15 13:40:21.698522,1.13246,1.13248
843,2019-03-15 13:40:22.328733,1.13247,1.1325
844,2019-03-15 13:40:24.067075,1.13246,1.13248
845,2019-03-15 13:40:24.595927,1.13245,1.13247
846,2019-03-15 13:40:25.003696,1.13243,1.13246
847,2019-03-15 13:40:25.164329,1.13245,1.13247
848,2019-03-15 13:40:25.173720,1.13246,1.13248
849,2019-03-15 13:40:25.596983,1.13247,1.13249
850,2019-03-15 13:40:29.735964,1.13248,1.1325
851,2019-03-15 13:40:30.216878,1.13249,1.13252
852,2019-03-15 13:40:30.306505,1.13251,1.13253
853,2019-03-15 13:40:30.380943,1.13249,1.13252
854,2019-03-15 13:40:31.384883,1.1325,1.13253
855,2019-03-15 13:40:31.389942,1.13251,1.13254
856,2019-03-15 13:40:36.433659,1.13248,1.13251
857,2019-03-15 13:40:36.534370,1.13247,1.1325
858,2019-03-15 13:40:36.538373,1.13248,1.13251
859,2019-03-15 13:40:36.539232,1.13247,1.1325
860,2019-03-15 13:40:36.540067,1.13248,1.13251
861,2019-03-15 13:40:36.685185,1.1325,1.13252
862,2019-03-15 13:40:37.274000,1.13251,1.13253
863,2019-03-15 13:40:37.443434,1.1325,1.13252
864,2019-03-15 13:40:37.456855,1.13248,1.13251
865,2019-03-15 13:40:37.930528,1.13247,1.13249
866,2019-03-15 13:40:41.817596,1.13245,1.13248
867,2019-03-15 13:40:41.825579,1.13244,1.13247
868,2019-03-15 13:40:42.139314,1.13243,1.13246
869,2019-03-15 13:40:45.229259,1.13244,1.13247
870,2019-03-15 13:40:45.438008,1.13243,1.13246
871,2019-03-15 13:40:45.449452,1.13242,1.13245
872,2019-03-15 13:40:45.456216,1.13241,1.13243
873,2019-03-15 13:40:45.465652,1.13242,1.13245
874,2019-03-15 13:40:45.612335,1.13241,1.13243
875,2019-03-15 13:40:45.624822,1.13238,1.13241
876,2019-03-15 13:40:45.629234,1.13237,1.13239
877,2019-03-15 13:40:45.636645,1.13238,1.1324
878,2019-03-15 13:40:45.641920,1.13236,1.13238
879,2019-03-15 13:40:45.649544,1.13237,1.13239
880,2019-03-15 13:40:45.656568,1.13236,1.13238
881,2019-03-15 13:40:45.690939,1.13235,1.13237
882,2019-03-15 13:40:45.701825,1.13233,1.13236
883,2019-03-15 13:40:45.716215,1.13235,1.13238
884,2019-03-15 13:40:45.719562,1.13234,1.13237
885,2019-03-15 13:40:45.736392,1.13235,1.13238
886,2019-03-15 13:40:45.790071,1.13234,1.13237
887,2019-03-15 13:40:45.817180,1.13235,1.13238
888,2019-03-15 13:40:46.433265,1.13236,1.13239
889,2019-03-15 13:41:14.821859,1.13235,1.13238
890,2019-03-15 13:41:14.826770,1.13234,1.13236
891,2019-03-15 13:41:14.829445,1.13233,1.13235
892,2019-03-15 13:41:14.848329,1.13231,1.13234
893,2019-03-15 13:41:15.205787,1.13232,1.13235
894,2019-03-15 13:41:15.217766,1.13234,1.13236
895,2019-03-15 13:41:15.935936,1.13235,1.13237
896,2019-03-15 13:41:17.724225,1.13233,1.13236
897,2019-03-15 13:41:21.069923,1.13232,1.13235
898,2019-03-15 13:41:23.831684,1.1323,1.13233
899,2019-03-15 13:41:23.841304,1.13228,1.13231
900,2019-03-15 13:41:23.856715,1.13227,1.13229
901,2019-03-15 13:41:23.896303,1.13226,1.13228
902,2019-03-15 13:41:23.903662,1.13227,1.13229
903,2019-03-15 13:41:23.909542,1.13225,1.13227
904,2019-03-15 13:41:24.412733,1.13226,1.13229
905,2019-03-15 13:41:24.416397,1.13227,1.1323
906,2019-03-15 13:41:24.427512,1.13228,1.13231
907,2019-03-15 13:41:24.433904,1.13227,1.1323
908,2019-03-15 13:41:24.434243,1.13228,1.13231
909,2019-03-15 13:41:24.794355,1.1323,1.13232
910,2019-03-15 13:41:24.814051,1.13231,1.13234
911,2019-03-15 13:41:27.843980,1.13232,1.13235
912,2019-03-15 13:41:27.859144,1.13234,1.13236
913,2019-03-15 13:41:28.269385,1.13232,1.13235
914,2019-03-15 13:41:29.995912,1.13234,1.13236
915,2019-03-15 13:41:32.555741,1.13235,1.13237
916,2019-03-15 13:41:35.330837,1.13233,1.13235
917,2019-03-15 13:41:38.223735,1.13234,1.13236
918,2019-03-15 13:41:38.225176,1.13233,1.13235
919,2019-03-15 13:41:41.038700,1.13231,1.13234
920,2019-03-15 13:41:43.407597,1.1323,1.13233
921,2019-03-15 13:41:43.422943,1.13229,1.13231
922,2019-03-15 13:41:43.512171,1.13228,1.1323
923,2019-03-15 13:41:43.575419,1.13226,1.13229
924,2019-03-15 13:41:51.755476,1.13225,1.13228
925,2019-03-15 13:41:54.068620,1.13224,1.13227
926,2019-03-15 13:41:54.069201,1.13223,1.13226
927,2019-03-15 13:41:54.071008,1.13222,1.13224
928,2019-03-15 13:41:54.086220,1.1322,1.13223
929,2019-03-15 13:41:54.088235,1.13221,1.13224
930,2019-03-15 13:41:54.152037,1.1322,1.13222
931,2019-03-15 13:41:54.161076,1.13221,1.13223
932,2019-03-15 13:41:58.791373,1.13222,1.13225
933,2019-03-15 13:41:58.805368,1.13224,1.13226
934,2019-03-15 13:42:01.557723,1.13222,1.13225
935,2019-03-15 13:42:04.764760,1.13224,1.13226
936,2019-03-15 13:42:05.357632,1.13223,1.13225
937,2019-03-15 13:42:14.227058,1.13224,1.13226
938,2019-03-15 13:42:29.450225,1.13225,1.13228
939,2019-03-15 13:42:29.459979,1.13226,1.13229
940,2019-03-15 13:42:29.467125,1.13227,1.1323
941,2019-03-15 13:42:29.471539,1.13229,1.13232
942,2019-03-15 13:42:29.471969,1.13228,1.1323
943,2019-03-15 13:42:29.477887,1.1323,1.13233
944,2019-03-15 13:42:29.504610,1.13231,1.13234
945,2019-03-15 13:42:29.523113,1.13233,1.13235
946,2019-03-15 13:42:29.543399,1.13234,1.13236
947,2019-03-15 13:42:29.555621,1.13233,1.13235
948,2019-03-15 13:42:29.674172,1.13231,1.13234
949,2019-03-15 13:42:29.710322,1.13232,1.13235
950,2019-03-15 13:42:29.721226,1.13234,1.13236
951,2019-03-15 13:42:29.747593,1.13232,1.13235
952,2019-03-15 13:42:29.755820,1.13231,1.13234
953,2019-03-15 13:42:31.054351,1.13233,1.13235
954,2019-03-15 13:42:32.659888,1.13232,1.13234
955,2019-03-15 13:42:32.736840,1.13231,1.13233
956,2019-03-15 13:42:32.747858,1.1323,1.13232
957,2019-03-15 13:42:32.784102,1.13231,1.13234
958,2019-03-15 13:42:32.818315,1.13232,1.13235
959,2019-03-15 13:42:34.869085,1.13231,1.13234
960,2019-03-15 13:42:36.705406,1.13232,1.13235
961,2019-03-15 13:42:42.018962,1.13231,1.13234
962,2019-03-15 13:42:42.205297,1.13232,1.13235
963,2019-03-15 13:42:48.499869,1.13231,1.13234
964,2019-03-15 13:42:51.499043,1.13232,1.13235
965,2019-03-15 13:43:00.309372,1.13233,1.13236
966,2019-03-15 13:43:04.019012,1.13235,1.13237
967,2019-03-15 13:43:04.043383,1.13236,1.13238
968,2019-03-15 13:43:05.328010,1.13237,1.1324
969,2019-03-15 13:43:05.334783,1.13238,1.13241
970,2019-03-15 13:43:05.633115,1.13237,1.13239
971,2019-03-15 13:43:06.409219,1.13238,1.13241
972,2019-03-15 13:43:07.343878,1.13237,1.1324
973,2019-03-15 13:43:08.993955,1.13238,1.13241
974,2019-03-15 13:43:08.995952,1.13236,1.13239
975,2019-03-15 13:43:10.158838,1.13238,1.1324
976,2019-03-15 13:43:10.258296,1.13239,1.13241
977,2019-03-15 13:43:10.526222,1.1324,1.13243
978,2019-03-15 13:43:11.440093,1.13241,1.13244
979,2019-03-15 13:43:11.464501,1.13243,1.13245
980,2019-03-15 13:43:11.477057,1.13244,1.13246
981,2019-03-15 13:43:14.285821,1.13245,1.13247
982,2019-03-15 13:43:16.459305,1.13246,1.13249
983,2019-03-15 13:43:16.987509,1.13247,1.1325
984,2019-03-15 13:43:25.083886,1.13248,1.13251
985,2019-03-15 13:43:25.142044,1.13249,1.13252
986,2019-03-15 13:43:25.171020,1.13248,1.13251
987,2019-03-15 13:43:25.188268,1.13247,1.13249
988,2019-03-15 13:43:25.188840,1.13248,1.13251
989,2019-03-15 13:43:25.295876,1.13246,1.13249
990,2019-03-15 13:43:25.443344,1.13247,1.1325
991,2019-03-15 13:43:32.188741,1.13246,1.13249
992,2019-03-15 13:43:33.377288,1.13244,1.13247
993,2019-03-15 13:43:33.386978,1.13242,1.13245
994,2019-03-15 13:43:33.391751,1.13243,1.13245
995,2019-03-15 13:43:33.402854,1.13241,1.13244
996,2019-03-15 13:43:33.406382,1.1324,1.13243
997,2019-03-15 13:43:33.423390,1.13241,1.13244
998,2019-03-15 13:43:33.468483,1.13242,1.13245
999,2019-03-15 13:43:33.865735,1.13243,1.13246
1000,2019-03-15 13:43:34.184650,1.13242,1.13245
1001,2019-03-15 13:43:34.671944,1.13243,1.13246
1002,2019-03-15 13:43:38.572724,1.13244,1.13247
1003,2019-03-15 13:43:39.552038,1.13245,1.13248
1004,2019-03-15 13:43:40.001957,1.13246,1.13249
1005,2019-03-15 13:43:45.416007,1.13245,1.13248
1006,2019-03-15 13:43:45.425169,1.13244,1.13246
1007,2019-03-15 13:43:45.430056,1.13243,1.13245
1008,2019-03-15 13:43:45.508317,1.13242,1.13244
1009,2019-03-15 13:43:47.487958,1.13243,1.13245
1010,2019-03-15 13:43:48.645168,1.13244,1.13246
1011,2019-03-15 13:43:50.080742,1.13243,1.13245
1012,2019-03-15 13:43:56.534362,1.13244,1.13246
1013,2019-03-15 13:43:56.548551,1.13245,1.13248
1014,2019-03-15 13:44:00.037434,1.13246,1.13249
1015,2019-03-15 13:44:00.780468,1.13247,1.1325
1016,2019-03-15 13:44:00.799141,1.13249,1.13251
1017,2019-03-15 13:44:00.929605,1.13247,1.1325
1018,2019-03-15 13:44:02.195083,1.13246,1.13249
1019,2019-03-15 13:44:06.115442,1.13248,1.1325
1020,2019-03-15 13:44:06.132563,1.13249,1.13252
1021,2019-03-15 13:44:06.208497,1.1325,1.13253
1022,2019-03-15 13:44:13.412192,1.13249,1.13252
1023,2019-03-15 13:44:13.424305,1.13248,1.1325
1024,2019-03-15 13:44:13.538898,1.13249,1.13251
1025,2019-03-15 13:44:13.628889,1.1325,1.13252
1026,2019-03-15 13:44:14.056189,1.13251,1.13254
1027,2019-03-15 13:44:18.066833,1.13253,1.13255
1028,2019-03-15 13:44:18.074304,1.13254,1.13256
1029,2019-03-15 13:44:18.085813,1.13255,1.13257
1030,2019-03-15 13:44:18.758160,1.13256,1.13259
1031,2019-03-15 13:44:19.266868,1.13255,1.13257
1032,2019-03-15 13:44:19.349217,1.13253,1.13256
1033,2019-03-15 13:44:19.465102,1.13254,1.13257
1034,2019-03-15 13:44:20.069099,1.13255,1.13258
1035,2019-03-15 13:44:22.776214,1.13257,1.1326
1036,2019-03-15 13:44:22.793233,1.13258,1.13261
1037,2019-03-15 13:44:22.815075,1.13259,1.13262
1038,2019-03-15 13:44:22.865687,1.13261,1.13263
1039,2019-03-15 13:44:22.874769,1.13262,1.13264
1040,2019-03-15 13:44:24.406508,1.13261,1.13263
1041,2019-03-15 13:44:24.506058,1.13257,1.1326
1042,2019-03-15 13:44:24.512105,1.13256,1.13259
1043,2019-03-15 13:44:24.578644,1.1326,1.13263
1044,2019-03-15 13:44:24.581357,1.13258,1.1326
1045,2019-03-15 13:44:24.581826,1.1326,1.13263
1046,2019-03-15 13:44:24.585231,1.13258,1.1326
1047,2019-03-15 13:44:24.604275,1.13256,1.13259
1048,2019-03-15 13:44:26.197344,1.13258,1.13261
1049,2019-03-15 13:44:27.732163,1.13259,1.13262
1050,2019-03-15 13:44:27.928385,1.13258,1.13261
1051,2019-03-15 13:44:27.985689,1.13257,1.13259
1052,2019-03-15 13:44:27.987133,1.13258,1.13261
1053,2019-03-15 13:44:33.824834,1.13259,1.13262
1054,2019-03-15 13:44:33.842212,1.13261,1.13263
1055,2019-03-15 13:44:34.631782,1.13259,1.13262
1056,2019-03-15 13:44:34.673457,1.1326,1.13263
1057,2019-03-15 13:44:34.683356,1.13259,1.13262
1058,2019-03-15 13:44:34.692010,1.13258,1.1326
1059,2019-03-15 13:44:35.142423,1.13259,1.13262
1060,2019-03-15 13:44:35.168882,1.1326,1.13263
1061,2019-03-15 13:44:36.105280,1.13261,1.13264
1062,2019-03-15 13:44:36.839255,1.1326,1.13262
1063,2019-03-15 13:44:36.849055,1.13259,1.13261
1064,2019-03-15 13:44:38.523066,1.1326,1.13262
1065,2019-03-15 13:44:38.766333,1.13258,1.13261
1066,2019-03-15 13:44:41.548212,1.13259,1.13262
1067,2019-03-15 13:44:41.559859,1.13261,1.13263
1068,2019-03-15 13:44:41.570413,1.13263,1.13266
1069,2019-03-15 13:44:41.579317,1.13264,1.13267
1070,2019-03-15 13:44:41.644110,1.13263,1.13265
1071,2019-03-15 13:44:41.683301,1.13261,1.13264
1072,2019-03-15 13:44:41.685873,1.13263,1.13265
1073,2019-03-15 13:44:41.702517,1.13262,1.13264
1074,2019-03-15 13:44:41.713168,1.13263,1.13266
1075,2019-03-15 13:44:41.719595,1.13262,1.13265
1076,2019-03-15 13:44:45.413629,1.13263,1.13266
1077,2019-03-15 13:44:47.223695,1.13264,1.13267
1078,2019-03-15 13:44:48.678341,1.13265,1.13268
1079,2019-03-15 13:44:48.690974,1.13267,1.1327
1080,2019-03-15 13:44:49.058604,1.13266,1.13268
1081,2019-03-15 13:44:49.781334,1.13265,1.13267
1082,2019-03-15 13:44:50.319899,1.13264,1.13266
1083,2019-03-15 13:44:51.368848,1.13262,1.13265
1084,2019-03-15 13:44:51.890206,1.13261,1.13264
1085,2019-03-15 13:44:53.007062,1.1326,1.13262
1086,2019-03-15 13:44:53.019423,1.13259,1.13261
1087,2019-03-15 13:44:53.089788,1.1326,1.13262
1088,2019-03-15 13:44:53.128590,1.13261,1.13264
1089,2019-03-15 13:44:56.177109,1.13258,1.13263
1090,2019-03-15 13:44:56.689905,1.13257,1.13262
1091,2019-03-15 13:44:59.036405,1.13255,1.1326
1092,2019-03-15 13:44:59.194305,1.13256,1.13261
1093,2019-03-15 13:44:59.194739,1.13257,1.13262
1094,2019-03-15 13:44:59.209893,1.13256,1.13261
1095,2019-03-15 13:44:59.235697,1.13257,1.13262
1096,2019-03-15 13:45:00.123298,1.13258,1.13263
1097,2019-03-15 13:45:00.466905,1.1326,1.13265
1098,2019-03-15 13:45:00.794151,1.13261,1.13267
1099,2019-03-15 13:45:00.863154,1.13261,1.13266
1100,2019-03-15 13:45:00.955770,1.13262,1.13267
1101,2019-03-15 13:45:01.539306,1.13264,1.13269
1102,2019-03-15 13:45:01.604765,1.13266,1.13271
1103,2019-03-15 13:45:01.608809,1.13265,1.1327
1104,2019-03-15 13:45:01.934676,1.13266,1.13271
1105,2019-03-15 13:45:01.948498,1.13265,1.1327
1106,2019-03-15 13:45:03.109218,1.13266,1.13271
1107,2019-03-15 13:45:03.110293,1.13265,1.1327
1108,2019-03-15 13:45:03.112663,1.13266,1.13271
1109,2019-03-15 13:45:03.114328,1.13265,1.1327
1110,2019-03-15 13:45:03.114641,1.13267,1.13272
1111,2019-03-15 13:45:03.139276,1.13268,1.13273
1112,2019-03-15 13:45:03.162911,1.13268,1.13274
1113,2019-03-15 13:45:03.259470,1.13268,1.13273
1114,2019-03-15 13:45:03.354545,1.13266,1.13271
1115,2019-03-15 13:45:04.269172,1.13265,1.1327
1116,2019-03-15 13:45:09.398764,1.13264,1.13269
1117,2019-03-15 13:45:09.635451,1.13263,1.13268
1118,2019-03-15 13:45:09.651471,1.13261,1.13266
1119,2019-03-15 13:45:09.728475,1.1326,1.13265
1120,2019-03-15 13:45:10.631210,1.13261,1.13266
1121,2019-03-15 13:45:12.771926,1.1326,1.13265
1122,2019-03-15 13:45:14.608530,1.13261,1.13266
1123,2019-03-15 13:45:15.493708,1.1326,1.13265
1124,2019-03-15 13:45:16.173844,1.13262,1.13265
1125,2019-03-15 13:45:23.164487,1.13263,1.13266
1126,2019-03-15 13:45:23.979306,1.13262,1.13265
1127,2019-03-15 13:45:26.270978,1.13263,1.13266
1128,2019-03-15 13:45:26.332848,1.13264,1.13267
1129,2019-03-15 13:45:26.538549,1.13263,1.13266
1130,2019-03-15 13:45:27.646181,1.13262,1.13265
1131,2019-03-15 13:45:30.279861,1.13263,1.13266
1132,2019-03-15 13:45:30.318036,1.13262,1.13265
1133,2019-03-15 13:45:31.680734,1.13263,1.13266
1134,2019-03-15 13:45:31.732285,1.13264,1.13267
1135,2019-03-15 13:45:31.739324,1.13263,1.13265
1136,2019-03-15 13:45:33.403086,1.13262,1.13264
1137,2019-03-15 13:45:34.405345,1.1326,1.13263
1138,2019-03-15 13:45:34.484286,1.13259,1.13262
1139,2019-03-15 13:45:34.491038,1.13258,1.13261
1140,2019-03-15 13:45:34.494361,1.13257,1.13259
1141,2019-03-15 13:45:34.556880,1.13258,1.13261
1142,2019-03-15 13:45:34.612669,1.13259,1.13262
1143,2019-03-15 13:45:34.655057,1.1326,1.13263
1144,2019-03-15 13:45:34.668280,1.13259,1.13262
1145,2019-03-15 13:45:34.726685,1.13261,1.13263
1146,2019-03-15 13:45:35.304314,1.13262,1.13264
1147,2019-03-15 13:45:35.901471,1.13261,1.13263
1148,2019-03-15 13:45:35.960639,1.13262,1.13264
1149,2019-03-15 13:45:36.403906,1.13263,1.13265
1150,2019-03-15 13:45:36.406877,1.13264,1.13266
1151,2019-03-15 13:45:36.479180,1.13265,1.13268
1152,2019-03-15 13:45:36.693681,1.13267,1.13269
1153,2019-03-15 13:45:38.430969,1.13268,1.13271
1154,2019-03-15 13:45:38.451736,1.1327,1.13272
1155,2019-03-15 13:45:38.488241,1.13268,1.13271
1156,2019-03-15 13:45:40.650471,1.1327,1.13272
1157,2019-03-15 13:45:40.661088,1.13269,1.13271
1158,2019-03-15 13:45:40.681661,1.1327,1.13272
1159,2019-03-15 13:45:40.756349,1.13268,1.13271
1160,2019-03-15 13:45:43.078618,1.13269,1.13272
1161,2019-03-15 13:45:43.078996,1.13268,1.13271
1162,2019-03-15 13:45:43.084651,1.13269,1.13272
1163,2019-03-15 13:45:43.087212,1.13268,1.13271
1164,2019-03-15 13:45:44.103709,1.13269,1.13272
1165,2019-03-15 13:45:44.226735,1.1327,1.13273
1166,2019-03-15 13:45:44.351051,1.13269,1.13272
1167,2019-03-15 13:45:44.483708,1.13268,1.1327
1168,2019-03-15 13:45:44.842865,1.13269,1.13272
1169,2019-03-15 13:45:45.094125,1.13268,1.13271
1170,2019-03-15 13:45:47.876511,1.13269,1.13272
1171,2019-03-15 13:45:47.953187,1.13268,1.13271
1172,2019-03-15 13:45:52.884378,1.13269,1.13272
1173,2019-03-15 13:45:53.544602,1.13268,1.13271
1174,2019-03-15 13:45:55.697745,1.13269,1.13272
1175,2019-03-15 13:45:57.249136,1.13271,1.13273
1176,2019-03-15 13:45:57.397964,1.13269,1.13272
1177,2019-03-15 13:45:57.604411,1.13268,1.13271
1178,2019-03-15 13:45:58.687549,1.1327,1.13272
1179,2019-03-15 13:45:58.694163,1.13271,1.13274
1180,2019-03-15 13:45:58.705427,1.13272,1.13275
1181,2019-03-15 13:45:58.764397,1.13273,1.13276
1182,2019-03-15 13:45:58.778627,1.13275,1.13277
1183,2019-03-15 13:45:58.808202,1.13276,1.13278
1184,2019-03-15 13:45:58.837404,1.13275,1.13277
1185,2019-03-15 13:46:00.155478,1.13276,1.13278
1186,2019-03-15 13:46:00.853869,1.13277,1.13279
1187,2019-03-15 13:46:01.093273,1.13278,1.13281
1188,2019-03-15 13:46:01.178807,1.13279,1.13282
1189,2019-03-15 13:46:01.182042,1.13278,1.13281
1190,2019-03-15 13:46:01.907917,1.1328,1.13282
1191,2019-03-15 13:46:01.922429,1.13279,1.13281
1192,2019-03-15 13:46:01.926941,1.1328,1.13282
1193,2019-03-15 13:46:01.927691,1.13279,1.13281
1194,2019-03-15 13:46:01.930759,1.1328,1.13282
1195,2019-03-15 13:46:01.932841,1.13279,1.13281
1196,2019-03-15 13:46:01.941907,1.1328,1.13282
1197,2019-03-15 13:46:01.984298,1.13278,1.13281
1198,2019-03-15 13:46:03.293628,1.13277,1.1328
1199,2019-03-15 13:46:04.659594,1.13276,1.13279
1200,2019-03-15 13:46:05.607391,1.13275,1.13278
1201,2019-03-15 13:46:05.624934,1.13274,1.13276
1202,2019-03-15 13:46:06.084845,1.13272,1.13274
1203,2019-03-15 13:46:06.375199,1.13273,1.13276
1204,2019-03-15 13:46:06.510410,1.13275,1.13277
1205,2019-03-15 13:46:06.618068,1.13273,1.13276
1206,2019-03-15 13:46:09.121590,1.13271,1.13274
1207,2019-03-15 13:46:09.126208,1.1327,1.13272
1208,2019-03-15 13:46:09.144261,1.13268,1.13271
1209,2019-03-15 13:46:10.783280,1.13266,1.13269
1210,2019-03-15 13:46:10.869731,1.13264,1.13266
1211,2019-03-15 13:46:10.964331,1.13263,1.13265
1212,2019-03-15 13:46:11.001006,1.13261,1.13264
1213,2019-03-15 13:46:11.028473,1.13262,1.13265
1214,2019-03-15 13:46:11.039686,1.13261,1.13263
1215,2019-03-15 13:46:11.043323,1.13262,1.13265
1216,2019-03-15 13:46:11.052098,1.13261,1.13263
1217,2019-03-15 13:46:11.074881,1.13262,1.13265
1218,2019-03-15 13:46:11.095119,1.13261,1.13263
1219,2019-03-15 13:46:11.148399,1.13262,1.13264
1220,2019-03-15 13:46:12.679120,1.13263,1.13266
1221,2019-03-15 13:46:12.833940,1.13264,1.13267
1222,2019-03-15 13:46:12.841124,1.13266,1.13268
1223,2019-03-15 13:46:12.900893,1.13268,1.13271
1224,2019-03-15 13:46:12.913964,1.1327,1.13272
1225,2019-03-15 13:46:12.984606,1.13271,1.13273
1226,2019-03-15 13:46:14.989064,1.13272,1.13274
1227,2019-03-15 13:46:16.238162,1.13269,1.13274
1228,2019-03-15 13:46:17.904359,1.13271,1.13276
1229,2019-03-15 13:46:18.126865,1.13269,1.13274
1230,2019-03-15 13:46:19.429906,1.1327,1.13276
1231,2019-03-15 13:46:19.503275,1.13272,1.13277
1232,2019-03-15 13:46:22.083979,1.1327,1.13275
1233,2019-03-15 13:46:22.212219,1.13269,1.13274
1234,2019-03-15 13:46:24.835022,1.13271,1.13276
1235,2019-03-15 13:46:24.835390,1.1327,1.13275
1236,2019-03-15 13:46:24.840933,1.13272,1.13277
1237,2019-03-15 13:46:25.044056,1.1327,1.13276
1238,2019-03-15 13:46:25.154235,1.13272,1.13277
1239,2019-03-15 13:46:25.344522,1.1327,1.13275
1240,2019-03-15 13:46:26.622530,1.13271,1.13277
1241,2019-03-15 13:46:28.405823,1.1327,1.13275
1242,2019-03-15 13:46:30.053894,1.13269,1.13274
1243,2019-03-15 13:46:31.987972,1.13266,1.13271
1244,2019-03-15 13:46:31.992581,1.13265,1.1327
1245,2019-03-15 13:46:32.938231,1.13266,1.13271
1246,2019-03-15 13:46:33.253242,1.13268,1.13273
1247,2019-03-15 13:46:34.899179,1.13267,1.13272
1248,2019-03-15 13:46:35.662756,1.13268,1.13273
1249,2019-03-15 13:46:35.724796,1.13266,1.13271
1250,2019-03-15 13:46:35.907696,1.13268,1.13273
1251,2019-03-15 13:46:35.999258,1.13269,1.13274
1252,2019-03-15 13:46:36.236182,1.13272,1.13274
1253,2019-03-15 13:46:37.189675,1.13273,1.13275
1254,2019-03-15 13:46:37.992619,1.13271,1.13274
1255,2019-03-15 13:46:37.994856,1.13272,1.13275
1256,2019-03-15 13:46:39.340799,1.13274,1.13276
1257,2019-03-15 13:46:41.029430,1.13275,1.1328
1258,2019-03-15 13:46:41.031209,1.13278,1.13281
1259,2019-03-15 13:46:41.044338,1.13279,1.13282
1260,2019-03-15 13:46:41.099127,1.1328,1.13283
1261,2019-03-15 13:46:41.118193,1.13282,1.13284
1262,2019-03-15 13:46:47.253215,1.13283,1.13286
1263,2019-03-15 13:46:47.338224,1.13285,1.13287
1264,2019-03-15 13:46:47.429175,1.13286,1.13289
1265,2019-03-15 13:46:47.706713,1.13287,1.1329
1266,2019-03-15 13:46:50.287747,1.13289,1.13292
1267,2019-03-15 13:46:50.288392,1.1329,1.13294
1268,2019-03-15 13:46:50.292614,1.1329,1.13295
1269,2019-03-15 13:46:50.293295,1.13291,1.13294
1270,2019-03-15 13:46:50.303484,1.13293,1.13296
1271,2019-03-15 13:46:50.319865,1.13294,1.13297
1272,2019-03-15 13:46:50.372656,1.13296,1.13298
1273,2019-03-15 13:46:50.427588,1.13297,1.13299
1274,2019-03-15 13:46:50.509061,1.13298,1.13301
1275,2019-03-15 13:46:50.533732,1.133,1.13303
1276,2019-03-15 13:46:50.533998,1.13299,1.13302
1277,2019-03-15 13:46:50.540783,1.133,1.13303
1278,2019-03-15 13:46:50.541123,1.133,1.13305
1279,2019-03-15 13:46:50.547910,1.133,1.13303
1280,2019-03-15 13:46:50.552888,1.13303,1.13305
1281,2019-03-15 13:46:50.565137,1.13301,1.13304
1282,2019-03-15 13:46:50.566853,1.13304,1.13307
1283,2019-03-15 13:46:50.574540,1.13305,1.13308
1284,2019-03-15 13:46:50.603358,1.13304,1.13306
1285,2019-03-15 13:46:50.811960,1.13305,1.13308
1286,2019-03-15 13:46:51.227835,1.13303,1.13306
1287,2019-03-15 13:46:51.228126,1.13305,1.13307
1288,2019-03-15 13:46:51.228491,1.13303,1.13305
1289,2019-03-15 13:46:51.229975,1.13304,1.13307
1290,2019-03-15 13:46:51.232479,1.13305,1.13308
1291,2019-03-15 13:46:51.234642,1.13306,1.13309
1292,2019-03-15 13:46:51.234980,1.13308,1.13311
1293,2019-03-15 13:46:51.235280,1.13307,1.1331
1294,2019-03-15 13:46:51.235550,1.13302,1.13305
1295,2019-03-15 13:46:51.235750,1.13302,1.13304
1296,2019-03-15 13:46:51.236954,1.13305,1.13308
1297,2019-03-15 13:46:51.237285,1.13305,1.13307
1298,2019-03-15 13:46:51.238074,1.13299,1.13302
1299,2019-03-15 13:46:51.238423,1.13299,1.13301
1300,2019-03-15 13:46:51.239641,1.13297,1.133
1301,2019-03-15 13:46:51.239966,1.13298,1.133
1302,2019-03-15 13:46:52.556902,1.13296,1.13299
1303,2019-03-15 13:46:52.562201,1.13295,1.13298
1304,2019-03-15 13:46:52.563307,1.13294,1.13296
1305,2019-03-15 13:46:52.567454,1.13295,1.13297
1306,2019-03-15 13:46:52.574246,1.13294,1.13296
1307,2019-03-15 13:46:52.580667,1.13295,1.13297
1308,2019-03-15 13:46:52.668639,1.13296,1.13299
1309,2019-03-15 13:46:53.850453,1.13297,1.133
1310,2019-03-15 13:46:54.665122,1.13296,1.13299
1311,2019-03-15 13:46:54.681057,1.13295,1.13298
1312,2019-03-15 13:46:54.690506,1.13294,1.13296
1313,2019-03-15 13:46:54.743236,1.13295,1.13298
1314,2019-03-15 13:46:55.508112,1.13294,1.13297
1315,2019-03-15 13:46:58.219502,1.13295,1.13298
1316,2019-03-15 13:46:58.308826,1.13296,1.13299
1317,2019-03-15 13:46:58.365956,1.13295,1.13298
1318,2019-03-15 13:46:58.408198,1.13296,1.13299
1319,2019-03-15 13:46:58.898123,1.13298,1.13301
1320,2019-03-15 13:46:58.909230,1.133,1.13303
1321,2019-03-15 13:46:59.074041,1.13299,1.13301
1322,2019-03-15 13:46:59.094932,1.133,1.13303
1323,2019-03-15 13:46:59.136928,1.13301,1.13304
1324,2019-03-15 13:46:59.513495,1.13303,1.13305
1325,2019-03-15 13:46:59.514621,1.13305,1.13308
1326,2019-03-15 13:46:59.523488,1.13307,1.1331
1327,2019-03-15 13:46:59.527435,1.13309,1.13311
1328,2019-03-15 13:46:59.537166,1.1331,1.13312
1329,2019-03-15 13:46:59.576356,1.13311,1.13314
1330,2019-03-15 13:46:59.598019,1.13313,1.13316
1331,2019-03-15 13:46:59.617089,1.13315,1.13318
1332,2019-03-15 13:46:59.650218,1.13313,1.13316
1333,2019-03-15 13:46:59.674412,1.13314,1.13317
1334,2019-03-15 13:46:59.760251,1.13313,1.13316
1335,2019-03-15 13:46:59.765513,1.13312,1.13315
1336,2019-03-15 13:46:59.905297,1.13314,1.13316
1337,2019-03-15 13:46:59.908928,1.13313,1.13315
1338,2019-03-15 13:46:59.909435,1.13314,1.13317
1339,2019-03-15 13:46:59.921325,1.13315,1.13318
1340,2019-03-15 13:46:59.924961,1.13314,1.13317
1341,2019-03-15 13:47:00.112284,1.13316,1.13319
1342,2019-03-15 13:47:00.115541,1.13315,1.13318
1343,2019-03-15 13:47:00.131418,1.13316,1.13319
1344,2019-03-15 13:47:00.660734,1.13318,1.13321
1345,2019-03-15 13:47:00.661048,1.13317,1.13319
1346,2019-03-15 13:47:00.685511,1.13318,1.1332
1347,2019-03-15 13:47:00.686530,1.13317,1.13319
1348,2019-03-15 13:47:00.706601,1.13318,1.1332
1349,2019-03-15 13:47:00.809471,1.13315,1.13318
1350,2019-03-15 13:47:00.870764,1.13317,1.1332
1351,2019-03-15 13:47:00.871904,1.13318,1.13321
1352,2019-03-15 13:47:00.876358,1.13319,1.13325
1353,2019-03-15 13:47:00.889360,1.13323,1.13325
1354,2019-03-15 13:47:00.892840,1.13324,1.13327
1355,2019-03-15 13:47:00.893253,1.13326,1.1333
1356,2019-03-15 13:47:00.908093,1.13328,1.1333
1357,2019-03-15 13:47:00.916527,1.13326,1.13329
1358,2019-03-15 13:47:00.921923,1.13328,1.1333
1359,2019-03-15 13:47:00.949813,1.1333,1.13333
1360,2019-03-15 13:47:00.974545,1.13332,1.13335
1361,2019-03-15 13:47:00.982367,1.13334,1.13337
1362,2019-03-15 13:47:00.997930,1.13335,1.13338
1363,2019-03-15 13:47:01.018439,1.13334,1.13336
1364,2019-03-15 13:47:01.018742,1.13335,1.13338
1365,2019-03-15 13:47:01.022646,1.13334,1.13336
1366,2019-03-15 13:47:01.045466,1.13331,1.13334
1367,2019-03-15 13:47:01.046144,1.13333,1.13335
1368,2019-03-15 13:47:01.081033,1.13334,1.13336
1369,2019-03-15 13:47:01.090176,1.13335,1.13338
1370,2019-03-15 13:47:01.111174,1.13334,1.13336
1371,2019-03-15 13:47:01.126992,1.13335,1.13337
1372,2019-03-15 13:47:01.127399,1.13333,1.13336
1373,2019-03-15 13:47:01.134398,1.13335,1.13337
1374,2019-03-15 13:47:01.158939,1.13336,1.13339
1375,2019-03-15 13:47:01.159454,1.13335,1.13338
1376,2019-03-15 13:47:01.159819,1.13336,1.13339
1377,2019-03-15 13:47:01.203613,1.13337,1.1334
1378,2019-03-15 13:47:01.239444,1.13339,1.13341
1379,2019-03-15 13:47:01.345400,1.1334,1.13343
1380,2019-03-15 13:47:01.349841,1.1334,1.13344
1381,2019-03-15 13:47:01.357885,1.1334,1.13345
1382,2019-03-15 13:47:01.358470,1.1334,1.13344
1383,2019-03-15 13:47:01.363568,1.13342,1.13345
1384,2019-03-15 13:47:01.369323,1.13343,1.13346
1385,2019-03-15 13:47:01.370462,1.13342,1.13345
1386,2019-03-15 13:47:01.389776,1.13344,1.13346
1387,2019-03-15 13:47:01.400583,1.13343,1.13345
1388,2019-03-15 13:47:01.403560,1.13344,1.13346
1389,2019-03-15 13:47:01.502426,1.13342,1.13344
1390,2019-03-15 13:47:01.509441,1.13343,1.13346
1391,2019-03-15 13:47:01.523925,1.13342,1.13344
1392,2019-03-15 13:47:01.524398,1.13343,1.13346
1393,2019-03-15 13:47:01.543446,1.13342,1.13345
1394,2019-03-15 13:47:01.554163,1.13341,1.13344
1395,2019-03-15 13:47:01.565595,1.1334,1.13342
1396,2019-03-15 13:47:01.735826,1.13341,1.13343
1397,2019-03-15 13:47:01.746116,1.13342,1.13344
1398,2019-03-15 13:47:01.765186,1.13344,1.13347
1399,2019-03-15 13:47:01.878576,1.13346,1.13349
1400,2019-03-15 13:47:01.964299,1.13347,1.1335
1401,2019-03-15 13:47:01.998510,1.13346,1.13348
1402,2019-03-15 13:47:02.007702,1.13347,1.13349
1403,2019-03-15 13:47:02.103111,1.13345,1.13348
1404,2019-03-15 13:47:02.243012,1.13346,1.13349
1405,2019-03-15 13:47:02.272178,1.13348,1.13351
1406,2019-03-15 13:47:02.277531,1.13347,1.1335
1407,2019-03-15 13:47:02.278292,1.13348,1.13351
1408,2019-03-15 13:47:02.279263,1.13347,1.1335
1409,2019-03-15 13:47:02.300407,1.13348,1.13351
1410,2019-03-15 13:47:02.327168,1.13347,1.1335
1411,2019-03-15 13:47:02.327609,1.13348,1.13351
1412,2019-03-15 13:47:02.330498,1.13347,1.1335
1413,2019-03-15 13:47:02.332023,1.13348,1.13351
1414,2019-03-15 13:47:02.348444,1.13348,1.13353
1415,2019-03-15 13:47:02.349642,1.13348,1.13356
1416,2019-03-15 13:47:02.356021,1.1335,1.13356
1417,2019-03-15 13:47:02.396046,1.1335,1.13355
1418,2019-03-15 13:47:02.412882,1.1335,1.13357
1419,2019-03-15 13:47:02.417888,1.1335,1.13358
1420,2019-03-15 13:47:02.419577,1.1335,1.13355
1421,2019-03-15 13:47:02.422300,1.1335,1.13354
1422,2019-03-15 13:47:02.423073,1.1335,1.13355
1423,2019-03-15 13:47:02.423898,1.1335,1.13354
1424,2019-03-15 13:47:02.435859,1.1335,1.13355
1425,2019-03-15 13:47:02.437534,1.1335,1.13356
1426,2019-03-15 13:47:02.449350,1.13353,1.13356
1427,2019-03-15 13:47:02.469218,1.13355,1.13359
1428,2019-03-15 13:47:02.469489,1.13355,1.13357
1429,2019-03-15 13:47:02.476509,1.13355,1.13358
1430,2019-03-15 13:47:02.479142,1.13354,1.13357
1431,2019-03-15 13:47:02.479415,1.13355,1.13359
1432,2019-03-15 13:47:02.480235,1.13354,1.13357
1433,2019-03-15 13:47:02.482302,1.13355,1.13359
1434,2019-03-15 13:47:02.489192,1.13354,1.13356
1435,2019-03-15 13:47:02.495545,1.13352,1.13354
1436,2019-03-15 13:47:02.512400,1.13349,1.13351
1437,2019-03-15 13:47:02.533371,1.13347,1.1335
1438,2019-03-15 13:47:02.533806,1.13346,1.13348
1439,2019-03-15 13:47:02.535768,1.13345,1.13347
1440,2019-03-15 13:47:02.536354,1.13347,1.1335
1441,2019-03-15 13:47:02.547339,1.13344,1.13347
1442,2019-03-15 13:47:02.550332,1.13341,1.13351
1443,2019-03-15 13:47:02.550898,1.13342,1.13352
1444,2019-03-15 13:47:02.555368,1.13341,1.13351
1445,2019-03-15 13:47:02.565869,1.13342,1.13352
1446,2019-03-15 13:47:02.590954,1.13337,1.13357
1447,2019-03-15 13:47:02.604310,1.13341,1.13351
1448,2019-03-15 13:47:02.642273,1.13337,1.13357
1449,2019-03-15 13:47:02.700389,1.13341,1.13351
1450,2019-03-15 13:47:02.741462,1.13339,1.13349
1451,2019-03-15 13:47:02.747435,1.13338,1.13348
1452,2019-03-15 13:47:02.757169,1.13339,1.13349
1453,2019-03-15 13:47:02.769597,1.13338,1.13348
1454,2019-03-15 13:47:02.784926,1.13331,1.13351
1455,2019-03-15 13:47:02.850513,1.13334,1.13344
1456,2019-03-15 13:47:03.008193,1.13333,1.13343
1457,2019-03-15 13:47:03.013606,1.13327,1.13347
1458,2019-03-15 13:47:03.021015,1.13325,1.13345
1459,2019-03-15 13:47:03.083606,1.1333,1.1334
1460,2019-03-15 13:47:03.134029,1.13325,1.13345
1461,2019-03-15 13:47:03.179500,1.13329,1.13339
1462,2019-03-15 13:47:03.193346,1.13325,1.13345
1463,2019-03-15 13:47:03.251232,1.13331,1.13341
1464,2019-03-15 13:47:03.264738,1.13326,1.13346
1465,2019-03-15 13:47:03.323467,1.1333,1.1334
1466,2019-03-15 13:47:03.373971,1.13326,1.13346
1467,2019-03-15 13:47:03.513092,1.1333,1.1334
1468,2019-03-15 13:47:03.588738,1.13319,1.13349
1469,2019-03-15 13:47:03.601820,1.13323,1.13343
1470,2019-03-15 13:47:03.630669,1.13321,1.13341
1471,2019-03-15 13:47:03.659884,1.13319,1.13339
1472,2019-03-15 13:47:03.768775,1.13324,1.13334
1473,2019-03-15 13:47:03.821373,1.1332,1.1334
1474,2019-03-15 13:47:03.859370,1.13324,1.13334
1475,2019-03-15 13:47:04.050901,1.1332,1.1334
1476,2019-03-15 13:47:04.062065,1.13325,1.13335
1477,2019-03-15 13:47:04.110254,1.13323,1.13333
1478,2019-03-15 13:47:04.111483,1.13324,1.13334
1479,2019-03-15 13:47:04.125764,1.13323,1.13333
1480,2019-03-15 13:47:04.158208,1.13324,1.13334
1481,2019-03-15 13:47:04.168136,1.13323,1.13333
1482,2019-03-15 13:47:04.186672,1.13318,1.13338
1483,2019-03-15 13:47:04.624767,1.13317,1.13337
1484,2019-03-15 13:47:04.651559,1.13315,1.13335
1485,2019-03-15 13:47:04.653539,1.1332,1.1333
1486,2019-03-15 13:47:04.780119,1.13314,1.13334
1487,2019-03-15 13:47:04.794523,1.13319,1.13329
1488,2019-03-15 13:47:05.481874,1.13322,1.13332
1489,2019-03-15 13:47:05.487532,1.1332,1.1334
1490,2019-03-15 13:47:05.494337,1.1332,1.1335
1491,2019-03-15 13:47:05.497109,1.13322,1.13352
1492,2019-03-15 13:47:05.522819,1.13328,1.13348
1493,2019-03-15 13:47:05.533584,1.1333,1.1335
1494,2019-03-15 13:47:05.554224,1.13336,1.13346
1495,2019-03-15 13:47:05.568423,1.13337,1.13347
1496,2019-03-15 13:47:05.586385,1.13338,1.13348
1497,2019-03-15 13:47:05.614276,1.13337,1.13347
1498,2019-03-15 13:47:05.636603,1.13338,1.13348
1499,2019-03-15 13:47:05.638448,1.13337,1.13347
1500,2019-03-15 13:47:05.669971,1.13339,1.13349
1501,2019-03-15 13:47:05.671301,1.13338,1.13348
1502,2019-03-15 13:47:05.672826,1.13339,1.13349
1503,2019-03-15 13:47:05.708726,1.13334,1.13354
1504,2019-03-15 13:47:06.404734,1.13338,1.13348
1505,2019-03-15 13:47:06.496024,1.13336,1.13346
1506,2019-03-15 13:47:06.906210,1.13334,1.13344
1507,2019-03-15 13:47:06.914962,1.13333,1.13343
1508,2019-03-15 13:47:06.986317,1.13331,1.13341
1509,2019-03-15 13:47:06.999974,1.13325,1.13345
1510,2019-03-15 13:47:07.098613,1.13328,1.13338
1511,2019-03-15 13:47:07.164680,1.13327,1.13337
1512,2019-03-15 13:47:07.209435,1.13321,1.13341
1513,2019-03-15 13:47:07.364855,1.13328,1.13338
1514,2019-03-15 13:47:07.580346,1.13327,1.13337
1515,2019-03-15 13:47:07.585754,1.13321,1.13341
1516,2019-03-15 13:47:07.683824,1.13323,1.13343
1517,2019-03-15 13:47:07.687410,1.13325,1.13345
1518,2019-03-15 13:47:07.692431,1.13321,1.13351
1519,2019-03-15 13:47:07.703590,1.13326,1.13356
1520,2019-03-15 13:47:07.711590,1.13331,1.13351
1521,2019-03-15 13:47:07.720243,1.13336,1.13346
1522,2019-03-15 13:47:07.728093,1.13337,1.13347
1523,2019-03-15 13:47:07.761227,1.13336,1.13346
1524,2019-03-15 13:47:07.761643,1.13331,1.13351
1525,2019-03-15 13:47:07.763003,1.13326,1.13356
1526,2019-03-15 13:47:07.771470,1.13332,1.13352
1527,2019-03-15 13:47:07.783905,1.13333,1.13353
1528,2019-03-15 13:47:08.063606,1.13331,1.13351
1529,2019-03-15 13:47:08.535765,1.1333,1.1335
1530,2019-03-15 13:47:08.708646,1.13328,1.13348
1531,2019-03-15 13:47:08.734451,1.13333,1.13343
1532,2019-03-15 13:47:10.571380,1.13335,1.13345
1533,2019-03-15 13:47:10.578186,1.13336,1.13346
1534,2019-03-15 13:47:10.584529,1.13328,1.13358
1535,2019-03-15 13:47:10.584753,1.13331,1.13361
1536,2019-03-15 13:47:10.595194,1.13342,1.13352
1537,2019-03-15 13:47:10.603424,1.13344,1.13354
1538,2019-03-15 13:47:10.637682,1.13342,1.13352
1539,2019-03-15 13:47:10.657824,1.13344,1.13354
1540,2019-03-15 13:47:10.660529,1.13343,1.13353
1541,2019-03-15 13:47:10.661131,1.13344,1.13354
1542,2019-03-15 13:47:10.666971,1.13343,1.13353
1543,2019-03-15 13:47:10.667276,1.13345,1.13355
1544,2019-03-15 13:47:10.680848,1.13346,1.13356
1545,2019-03-15 13:47:10.683562,1.13344,1.13354
1546,2019-03-15 13:47:10.686059,1.13346,1.13356
1547,2019-03-15 13:47:10.697896,1.13344,1.13354
1548,2019-03-15 13:47:10.738952,1.13339,1.13359
1549,2019-03-15 13:47:10.784612,1.13337,1.13357
1550,2019-03-15 13:47:10.821584,1.13335,1.13355
1551,2019-03-15 13:47:11.381864,1.13337,1.13357
1552,2019-03-15 13:47:11.403569,1.13342,1.13352
1553,2019-03-15 13:47:11.449937,1.13337,1.13357
1554,2019-03-15 13:47:11.600764,1.13335,1.13355
1555,2019-03-15 13:47:11.791607,1.13335,1.13355
1556,2019-03-15 13:47:12.060361,1.13339,1.13349
1557,2019-03-15 13:47:12.872524,1.13338,1.13348
1558,2019-03-15 13:47:12.874861,1.13332,1.13352
1559,2019-03-15 13:47:12.922107,1.1333,1.1335
1560,2019-03-15 13:47:12.945458,1.13332,1.13352
1561,2019-03-15 13:47:12.999245,1.1333,1.1335
1562,2019-03-15 13:47:13.175077,1.13334,1.13354
1563,2019-03-15 13:47:13.176232,1.13342,1.13352
1564,2019-03-15 13:47:13.179479,1.13337,1.13357
1565,2019-03-15 13:47:13.192565,1.13342,1.13352
1566,2019-03-15 13:47:13.199939,1.13341,1.13351
1567,2019-03-15 13:47:13.207186,1.13344,1.13354
1568,2019-03-15 13:47:13.212807,1.13346,1.1335
1569,2019-03-15 13:47:13.215029,1.13348,1.13351
1570,2019-03-15 13:47:13.224242,1.13349,1.13353
1571,2019-03-15 13:47:13.231086,1.13345,1.13355
1572,2019-03-15 13:47:13.243929,1.13344,1.13354
1573,2019-03-15 13:47:13.257408,1.13345,1.13355
1574,2019-03-15 13:47:13.257924,1.13345,1.13355
1575,2019-03-15 13:47:13.262262,1.13346,1.13356
1576,2019-03-15 13:47:13.263403,1.13337,1.13367
1577,2019-03-15 13:47:13.268984,1.13341,1.13361
1578,2019-03-15 13:47:13.312271,1.13342,1.13362
1579,2019-03-15 13:47:13.324373,1.13338,1.13368
1580,2019-03-15 13:47:13.349379,1.13341,1.13361
1581,2019-03-15 13:47:13.371924,1.13339,1.13359
1582,2019-03-15 13:47:13.475317,1.13338,1.13358
1583,2019-03-15 13:47:13.488322,1.13336,1.13356
1584,2019-03-15 13:47:13.574133,1.13333,1.13353
1585,2019-03-15 13:47:13.580254,1.13339,1.13349
1586,2019-03-15 13:47:13.588462,1.13337,1.13347
1587,2019-03-15 13:47:13.599526,1.13339,1.13349
1588,2019-03-15 13:47:13.611915,1.13337,1.13347
1589,2019-03-15 13:47:13.619352,1.13338,1.13348
1590,2019-03-15 13:47:13.628629,1.13337,1.13347
1591,2019-03-15 13:47:13.653151,1.13336,1.13346
1592,2019-03-15 13:47:13.660196,1.13332,1.13352
1593,2019-03-15 13:47:13.664466,1.1333,1.1335
1594,2019-03-15 13:47:13.754012,1.13334,1.13344
1595,2019-03-15 13:47:13.820074,1.13335,1.13345
1596,2019-03-15 13:47:13.822566,1.13337,1.13347
1597,2019-03-15 13:47:13.824834,1.13333,1.13353
1598,2019-03-15 13:47:13.899916,1.13337,1.13347
1599,2019-03-15 13:47:13.949720,1.13331,1.13351
1600,2019-03-15 13:47:13.955186,1.1333,1.1335
1601,2019-03-15 13:47:13.993870,1.13332,1.13352
1602,2019-03-15 13:47:14.033786,1.1333,1.1335
1603,2019-03-15 13:47:14.138029,1.13334,1.13344
1604,2019-03-15 13:47:14.261251,1.13336,1.13346
1605,2019-03-15 13:47:14.265127,1.13334,1.13344
1606,2019-03-15 13:47:14.282111,1.13329,1.13349
1607,2019-03-15 13:47:14.327930,1.13334,1.13344
1608,2019-03-15 13:47:14.586973,1.13327,1.13347
1609,2019-03-15 13:47:15.273491,1.13333,1.13343
1610,2019-03-15 13:47:15.910087,1.13332,1.13342
1611,2019-03-15 13:47:15.914157,1.13327,1.13347
1612,2019-03-15 13:47:15.982123,1.13325,1.13345
1613,2019-03-15 13:47:16.001019,1.13329,1.13339
1614,2019-03-15 13:47:16.229926,1.1333,1.1334
1615,2019-03-15 13:47:16.232254,1.13331,1.13341
1616,2019-03-15 13:47:16.233524,1.13325,1.13345
1617,2019-03-15 13:47:16.240195,1.13331,1.13341
1618,2019-03-15 13:47:16.288032,1.13333,1.13336
1619,2019-03-15 13:47:16.294508,1.13329,1.13339
1620,2019-03-15 13:47:16.308581,1.13324,1.13344
1621,2019-03-15 13:47:16.381683,1.13329,1.13339
1622,2019-03-15 13:47:16.388479,1.13325,1.13345
1623,2019-03-15 13:47:16.699740,1.13327,1.13347
1624,2019-03-15 13:47:16.805862,1.13333,1.13343
1625,2019-03-15 13:47:17.205643,1.13327,1.13347
1626,2019-03-15 13:47:17.369112,1.13333,1.13343
1627,2019-03-15 13:47:18.659491,1.13332,1.13342
1628,2019-03-15 13:47:18.664709,1.13326,1.13346
1629,2019-03-15 13:47:18.803587,1.1333,1.1334
1630,2019-03-15 13:47:18.813191,1.13326,1.13346
1631,2019-03-15 13:47:18.885299,1.13329,1.13339
1632,2019-03-15 13:47:18.936263,1.13323,1.13343
1633,2019-03-15 13:47:19.012728,1.13325,1.13345
1634,2019-03-15 13:47:19.694557,1.13329,1.13339
1635,2019-03-15 13:47:19.723934,1.13328,1.13338
1636,2019-03-15 13:47:19.727622,1.13329,1.13339
1637,2019-03-15 13:47:20.234316,1.13325,1.13345
1638,2019-03-15 13:47:20.254571,1.13326,1.13346
1639,2019-03-15 13:47:24.158267,1.13333,1.13343
1640,2019-03-15 13:47:24.299513,1.13327,1.13347
1641,2019-03-15 13:47:25.389140,1.13334,1.13337
1642,2019-03-15 13:47:26.257288,1.13332,1.13335
1643,2019-03-15 13:47:28.214288,1.1333,1.13334
1644,2019-03-15 13:47:28.214984,1.13329,1.13332
1645,2019-03-15 13:47:28.234001,1.13327,1.1333
1646,2019-03-15 13:47:28.234715,1.13328,1.13331
1647,2019-03-15 13:47:28.284474,1.13327,1.1333
1648,2019-03-15 13:47:28.313360,1.13326,1.13329
1649,2019-03-15 13:47:28.537658,1.13325,1.13328
1650,2019-03-15 13:47:29.725085,1.13323,1.13326
1651,2019-03-15 13:47:29.979948,1.13322,1.13325
1652,2019-03-15 13:47:30.882361,1.13323,1.13326
1653,2019-03-15 13:47:30.934166,1.13322,1.13325
1654,2019-03-15 13:47:33.026978,1.13319,1.13322
1655,2019-03-15 13:47:33.059052,1.13321,1.13324
1656,2019-03-15 13:47:33.135554,1.13319,1.13322
1657,2019-03-15 13:47:33.143310,1.1332,1.13323
1658,2019-03-15 13:47:36.092514,1.13319,1.13322
1659,2019-03-15 13:47:36.098692,1.13318,1.13321
1660,2019-03-15 13:47:36.112330,1.13315,1.13319
1661,2019-03-15 13:47:36.139819,1.13316,1.1332
1662,2019-03-15 13:47:36.150696,1.13318,1.13321
1663,2019-03-15 13:47:36.188707,1.13317,1.1332
1664,2019-03-15 13:47:36.429227,1.13314,1.13318
1665,2019-03-15 13:47:36.431341,1.13316,1.13319
1666,2019-03-15 13:47:40.453742,1.13317,1.1332
1667,2019-03-15 13:47:40.544414,1.13318,1.13321
1668,2019-03-15 13:47:40.566123,1.1332,1.13323
1669,2019-03-15 13:47:44.874774,1.13319,1.13322
1670,2019-03-15 13:47:44.992594,1.1332,1.13323
1671,2019-03-15 13:47:45.060435,1.13321,1.13324
1672,2019-03-15 13:47:45.063113,1.13323,1.13326
1673,2019-03-15 13:47:45.074613,1.13321,1.13325
1674,2019-03-15 13:47:45.101885,1.13323,1.13326
1675,2019-03-15 13:47:45.102285,1.13322,1.13325
1676,2019-03-15 13:47:45.863205,1.13321,1.13324
1677,2019-03-15 13:47:46.073822,1.1332,1.13323
1678,2019-03-15 13:47:46.133895,1.13318,1.13321
1679,2019-03-15 13:47:46.149680,1.13317,1.1332
1680,2019-03-15 13:47:46.181827,1.13318,1.13321
1681,2019-03-15 13:47:46.576930,1.13317,1.1332
1682,2019-03-15 13:47:47.058423,1.13315,1.13318
1683,2019-03-15 13:47:47.094590,1.13316,1.13319
1684,2019-03-15 13:47:47.120835,1.13314,1.13317
1685,2019-03-15 13:47:47.137246,1.13315,1.13318
1686,2019-03-15 13:47:50.178054,1.13314,1.13317
1687,2019-03-15 13:47:50.182478,1.13312,1.13315
1688,2019-03-15 13:47:50.187359,1.13313,1.13316
1689,2019-03-15 13:47:50.187844,1.13312,1.13315
1690,2019-03-15 13:47:50.254374,1.13311,1.13314
1691,2019-03-15 13:47:50.406338,1.13312,1.13315
1692,2019-03-15 13:47:50.963265,1.13311,1.13314
1693,2019-03-15 13:47:51.966035,1.13312,1.13315
1694,2019-03-15 13:47:51.972983,1.13313,1.13317
1695,2019-03-15 13:47:52.500221,1.13314,1.13318
1696,2019-03-15 13:47:53.241887,1.13313,1.13317
1697,2019-03-15 13:47:53.567833,1.13314,1.13318
1698,2019-03-15 13:47:54.114671,1.13312,1.13316
1699,2019-03-15 13:47:54.115478,1.13314,1.13317
1700,2019-03-15 13:47:54.126609,1.13312,1.13315
1701,2019-03-15 13:47:54.126951,1.13313,1.13316
1702,2019-03-15 13:47:54.128428,1.13311,1.13315
1703,2019-03-15 13:47:55.606395,1.1331,1.13314
1704,2019-03-15 13:47:57.056658,1.13309,1.13312
1705,2019-03-15 13:47:57.080349,1.13308,1.13311
1706,2019-03-15 13:47:57.081567,1.13306,1.13309
1707,2019-03-15 13:47:57.118575,1.13307,1.1331
1708,2019-03-15 13:47:57.183685,1.13306,1.13309
1709,2019-03-15 13:47:57.871683,1.13305,1.13308
1710,2019-03-15 13:48:00.118557,1.13306,1.13309
1711,2019-03-15 13:48:00.243146,1.13307,1.1331
1712,2019-03-15 13:48:00.268218,1.13306,1.13309
1713,2019-03-15 13:48:02.152014,1.1331,1.13313
1714,2019-03-15 13:48:02.172186,1.13306,1.13309
1715,2019-03-15 13:48:02.175923,1.13309,1.13312
1716,2019-03-15 13:48:02.189577,1.13306,1.13309
1717,2019-03-15 13:48:02.193294,1.13309,1.13312
1718,2019-03-15 13:48:02.206415,1.13306,1.13309
1719,2019-03-15 13:48:02.214335,1.13308,1.13311
1720,2019-03-15 13:48:02.256766,1.13309,1.13313
1721,2019-03-15 13:48:02.266407,1.13308,1.13311
1722,2019-03-15 13:48:02.280998,1.13309,1.13313
1723,2019-03-15 13:48:02.293624,1.1331,1.13314
1724,2019-03-15 13:48:03.196138,1.13309,1.13312
1725,2019-03-15 13:48:03.203499,1.13308,1.13311
1726,2019-03-15 13:48:03.204050,1.13306,1.1331
1727,2019-03-15 13:48:03.204844,1.13308,1.13311
1728,2019-03-15 13:48:03.395811,1.13309,1.13312
1729,2019-03-15 13:48:05.391258,1.13307,1.1331
1730,2019-03-15 13:48:05.393081,1.13308,1.13311
1731,2019-03-15 13:48:05.393647,1.13307,1.1331
1732,2019-03-15 13:48:05.670324,1.13306,1.13309
1733,2019-03-15 13:48:06.055492,1.13305,1.13308
1734,2019-03-15 13:48:06.165263,1.13306,1.1331
1735,2019-03-15 13:48:06.297037,1.13308,1.13311
1736,2019-03-15 13:48:06.479656,1.13309,1.13313
1737,2019-03-15 13:48:08.119506,1.13308,1.13311
1738,2019-03-15 13:48:08.437545,1.13309,1.13312
1739,2019-03-15 13:48:13.397334,1.13308,1.13311
1740,2019-03-15 13:48:16.009022,1.13309,1.13312
1741,2019-03-15 13:48:20.758426,1.13306,1.1331
1742,2019-03-15 13:48:20.851974,1.13305,1.13308
1743,2019-03-15 13:48:28.891790,1.13302,1.13306
1744,2019-03-15 13:48:28.892534,1.13301,1.13305
1745,2019-03-15 13:48:28.893714,1.133,1.13303
1746,2019-03-15 13:48:28.969958,1.13299,1.13302
1747,2019-03-15 13:48:28.983802,1.133,1.13304
1748,2019-03-15 13:48:29.034637,1.13299,1.13302
1749,2019-03-15 13:48:29.109326,1.13301,1.13304
1750,2019-03-15 13:48:29.112572,1.133,1.13303
1751,2019-03-15 13:48:29.114812,1.13301,1.13304
1752,2019-03-15 13:48:29.118238,1.133,1.13303
1753,2019-03-15 13:48:29.743982,1.13298,1.13302
1754,2019-03-15 13:48:29.827832,1.13297,1.133
1755,2019-03-15 13:48:29.837114,1.13296,1.13299
1756,2019-03-15 13:48:33.208532,1.13295,1.13298
1757,2019-03-15 13:48:33.348079,1.13294,1.13297
1758,2019-03-15 13:48:33.761701,1.13293,1.13296
1759,2019-03-15 13:48:35.021447,1.1329,1.13294
1760,2019-03-15 13:48:37.959191,1.13289,1.13292
1761,2019-03-15 13:48:39.187204,1.1329,1.13294
1762,2019-03-15 13:48:41.446297,1.13293,1.13296
1763,2019-03-15 13:48:41.446463,1.13294,1.13297
1764,2019-03-15 13:48:41.498780,1.13293,1.13296
1765,2019-03-15 13:48:41.687174,1.13291,1.13295
1766,2019-03-15 13:48:44.988985,1.13293,1.13296
1767,2019-03-15 13:48:45.065231,1.13294,1.13297
1768,2019-03-15 13:48:48.458337,1.13295,1.13298
1769,2019-03-15 13:48:48.781360,1.13294,1.13297
1770,2019-03-15 13:48:48.876922,1.13292,1.13296
1771,2019-03-15 13:48:48.879721,1.13291,1.13295
1772,2019-03-15 13:48:48.975002,1.1329,1.13293
1773,2019-03-15 13:48:49.158383,1.13293,1.133
1774,2019-03-15 13:48:49.161003,1.13295,1.133
1775,2019-03-15 13:48:49.165500,1.13296,1.13301
1776,2019-03-15 13:48:49.170008,1.13298,1.13303
1777,2019-03-15 13:48:49.230752,1.13297,1.133
1778,2019-03-15 13:48:49.232298,1.13299,1.13302
1779,2019-03-15 13:48:49.261083,1.133,1.13303
1780,2019-03-15 13:48:49.268111,1.13298,1.13301
1781,2019-03-15 13:48:49.274396,1.133,1.13303
1782,2019-03-15 13:48:49.287830,1.13298,1.13301
1783,2019-03-15 13:48:49.299938,1.13299,1.13302
1784,2019-03-15 13:48:49.403901,1.13298,1.13301
1785,2019-03-15 13:48:49.485524,1.13297,1.133
1786,2019-03-15 13:48:49.586123,1.13299,1.13302
1787,2019-03-15 13:48:49.586510,1.13298,1.13301
1788,2019-03-15 13:48:49.603827,1.13299,1.13302
1789,2019-03-15 13:48:49.689841,1.133,1.13303
1790,2019-03-15 13:48:49.744328,1.13299,1.13302
1791,2019-03-15 13:48:49.759144,1.13298,1.13301
1792,2019-03-15 13:48:49.816699,1.13296,1.133
1793,2019-03-15 13:48:53.637261,1.13298,1.13301
1794,2019-03-15 13:48:53.649293,1.13299,1.13302
1795,2019-03-15 13:48:53.728194,1.133,1.13303
1796,2019-03-15 13:48:56.361843,1.13301,1.13305
1797,2019-03-15 13:48:56.374347,1.13302,1.13306
1798,2019-03-15 13:48:56.440109,1.13304,1.13307
1799,2019-03-15 13:48:56.461068,1.13305,1.13308
1800,2019-03-15 13:48:56.898179,1.13307,1.1331
1801,2019-03-15 13:48:56.919778,1.13308,1.13311
1802,2019-03-15 13:48:56.965975,1.13309,1.13312
1803,2019-03-15 13:48:56.998626,1.13307,1.13311
1804,2019-03-15 13:48:57.006949,1.13309,1.13312
1805,2019-03-15 13:48:57.017817,1.13308,1.13311
1806,2019-03-15 13:48:57.076545,1.13309,1.13312
1807,2019-03-15 13:48:57.088637,1.1331,1.13313
1808,2019-03-15 13:48:57.100578,1.13309,1.13312
1809,2019-03-15 13:48:57.247208,1.13312,1.13315
1810,2019-03-15 13:48:57.249540,1.13309,1.13312
1811,2019-03-15 13:48:57.272235,1.13312,1.13315
1812,2019-03-15 13:48:57.276207,1.1331,1.13313
1813,2019-03-15 13:48:57.287923,1.13312,1.13315
1814,2019-03-15 13:48:57.306977,1.13309,1.13313
1815,2019-03-15 13:48:57.307804,1.13311,1.13314
1816,2019-03-15 13:48:57.310208,1.13309,1.13312
1817,2019-03-15 13:48:57.328883,1.13311,1.13314
1818,2019-03-15 13:48:57.330355,1.1331,1.13313
1819,2019-03-15 13:48:57.351962,1.13311,1.13315
1820,2019-03-15 13:48:57.352365,1.1331,1.13313
1821,2019-03-15 13:48:57.368071,1.13311,1.13315
1822,2019-03-15 13:48:57.379108,1.1331,1.13314
1823,2019-03-15 13:48:57.625709,1.13311,1.13315
1824,2019-03-15 13:48:57.834015,1.1331,1.13314
1825,2019-03-15 13:48:58.739589,1.13312,1.13315
1826,2019-03-15 13:48:58.815691,1.13313,1.13316
1827,2019-03-15 13:48:58.875798,1.13314,1.13317
1828,2019-03-15 13:48:59.249844,1.13315,1.13318
1829,2019-03-15 13:49:01.109626,1.13316,1.13319
1830,2019-03-15 13:49:01.114777,1.13318,1.13321
1831,2019-03-15 13:49:01.136667,1.13319,1.13322
1832,2019-03-15 13:49:01.151494,1.1332,1.13323
1833,2019-03-15 13:49:04.104401,1.13318,1.13321
1834,2019-03-15 13:49:04.117068,1.13317,1.1332
1835,2019-03-15 13:49:04.284489,1.13318,1.13321
1836,2019-03-15 13:49:04.308899,1.13317,1.1332
1837,2019-03-15 13:49:04.318285,1.1332,1.13323
1838,2019-03-15 13:49:04.333823,1.13318,1.13321
1839,2019-03-15 13:49:04.339720,1.1332,1.13323
1840,2019-03-15 13:49:04.346896,1.13317,1.13321
1841,2019-03-15 13:49:04.358205,1.13319,1.13322
1842,2019-03-15 13:49:04.361290,1.13316,1.1332
1843,2019-03-15 13:49:04.397930,1.13318,1.13321
1844,2019-03-15 13:49:04.459801,1.13316,1.1332
1845,2019-03-15 13:49:04.512930,1.13317,1.13321
1846,2019-03-15 13:49:04.786892,1.13319,1.13322
1847,2019-03-15 13:49:04.798486,1.1332,1.13323
1848,2019-03-15 13:49:10.030844,1.13319,1.13322
1849,2019-03-15 13:49:10.036435,1.13317,1.13321
1850,2019-03-15 13:49:10.041717,1.13316,1.13319
1851,2019-03-15 13:49:10.127766,1.13315,1.13318
1852,2019-03-15 13:49:10.342119,1.13314,1.13317
1853,2019-03-15 13:49:12.594567,1.13313,1.13316
1854,2019-03-15 13:49:12.823571,1.13311,1.13314
1855,2019-03-15 13:49:12.870276,1.1331,1.13313
1856,2019-03-15 13:49:12.888947,1.13311,1.13314
1857,2019-03-15 13:49:12.907494,1.1331,1.13313
1858,2019-03-15 13:49:12.907885,1.13311,1.13314
1859,2019-03-15 13:49:17.853535,1.13309,1.13313
1860,2019-03-15 13:49:17.970463,1.13308,1.13312
1861,2019-03-15 13:49:17.979591,1.13306,1.1331
1862,2019-03-15 13:49:18.004429,1.13305,1.13309
1863,2019-03-15 13:49:18.008424,1.13307,1.1331
1864,2019-03-15 13:49:18.044859,1.13305,1.13309
1865,2019-03-15 13:49:18.045140,1.13307,1.1331
1866,2019-03-15 13:49:18.066775,1.13306,1.13309
1867,2019-03-15 13:49:18.096765,1.13309,1.13312
1868,2019-03-15 13:49:18.105929,1.13307,1.13311
1869,2019-03-15 13:49:18.116015,1.13308,1.13312
1870,2019-03-15 13:49:18.122729,1.13306,1.13309
1871,2019-03-15 13:49:18.124231,1.13308,1.13312
1872,2019-03-15 13:49:18.158687,1.13307,1.1331
1873,2019-03-15 13:49:18.164210,1.13306,1.13309
1874,2019-03-15 13:49:18.201687,1.13308,1.13312
1875,2019-03-15 13:49:18.236085,1.13307,1.1331
1876,2019-03-15 13:49:18.299258,1.13308,1.13311
1877,2019-03-15 13:49:19.225450,1.13307,1.1331
1878,2019-03-15 13:49:19.244357,1.13306,1.13309
1879,2019-03-15 13:49:19.763044,1.13307,1.1331
1880,2019-03-15 13:49:19.848687,1.13309,1.13313
1881,2019-03-15 13:49:19.856503,1.13311,1.13314
1882,2019-03-15 13:49:20.089275,1.13309,1.13312
1883,2019-03-15 13:49:23.154388,1.13308,1.13311
1884,2019-03-15 13:49:23.179517,1.13306,1.13309
1885,2019-03-15 13:49:23.816756,1.13309,1.13312
1886,2019-03-15 13:49:23.930530,1.13307,1.13311
1887,2019-03-15 13:49:24.064613,1.13306,1.13309
1888,2019-03-15 13:49:26.834556,1.13307,1.1331
1889,2019-03-15 13:49:27.066948,1.13306,1.13309
1890,2019-03-15 13:49:27.239591,1.13307,1.1331
1891,2019-03-15 13:49:27.343329,1.13308,1.13312
1892,2019-03-15 13:49:27.488540,1.13307,1.1331
1893,2019-03-15 13:49:27.561465,1.13306,1.13309
1894,2019-03-15 13:49:30.755540,1.13307,1.1331
1895,2019-03-15 13:49:30.770862,1.13308,1.13311
1896,2019-03-15 13:49:31.517792,1.1331,1.13313
1897,2019-03-15 13:49:34.944874,1.13311,1.13314
1898,2019-03-15 13:49:34.954690,1.13313,1.13316
1899,2019-03-15 13:49:35.197313,1.13312,1.13315
1900,2019-03-15 13:49:35.212685,1.13311,1.13314
1901,2019-03-15 13:49:35.479030,1.13312,1.13316
1902,2019-03-15 13:49:36.552624,1.13311,1.13314
1903,2019-03-15 13:49:36.795079,1.13312,1.13316
1904,2019-03-15 13:49:40.719418,1.1331,1.13314
1905,2019-03-15 13:49:40.723338,1.13311,1.13315
1906,2019-03-15 13:49:40.727112,1.1331,1.13313
1907,2019-03-15 13:49:40.729085,1.13311,1.13314
1908,2019-03-15 13:49:40.734908,1.1331,1.13313
1909,2019-03-15 13:49:40.750283,1.13311,1.13314
1910,2019-03-15 13:49:40.770735,1.1331,1.13313
1911,2019-03-15 13:49:40.774820,1.13311,1.13314
1912,2019-03-15 13:49:40.789218,1.13309,1.13312
1913,2019-03-15 13:49:40.791221,1.1331,1.13314
1914,2019-03-15 13:49:40.794820,1.13309,1.13312
1915,2019-03-15 13:49:40.796796,1.1331,1.13313
1916,2019-03-15 13:49:42.070328,1.13307,1.13311
1917,2019-03-15 13:49:42.135884,1.13306,1.1331
1918,2019-03-15 13:49:42.157614,1.13305,1.13308
1919,2019-03-15 13:49:42.159158,1.13306,1.13309
1920,2019-03-15 13:49:42.228776,1.13305,1.13308
1921,2019-03-15 13:49:42.331032,1.13306,1.13309
1922,2019-03-15 13:49:43.189697,1.13305,1.13308
1923,2019-03-15 13:49:44.663133,1.13304,1.13307
1924,2019-03-15 13:49:44.669748,1.13303,1.13306
1925,2019-03-15 13:49:46.906153,1.13302,1.13305
1926,2019-03-15 13:49:46.909212,1.133,1.13303
1927,2019-03-15 13:49:46.991487,1.13299,1.13302
1928,2019-03-15 13:49:47.015769,1.13298,1.13301
1929,2019-03-15 13:49:47.248549,1.13296,1.133
1930,2019-03-15 13:49:47.550819,1.13295,1.13298
1931,2019-03-15 13:49:48.382230,1.13297,1.133
1932,2019-03-15 13:49:48.459908,1.13298,1.13301
1933,2019-03-15 13:49:48.493432,1.13299,1.13302
1934,2019-03-15 13:49:49.243845,1.13301,1.13304
1935,2019-03-15 13:49:49.249915,1.13302,1.13305
1936,2019-03-15 13:49:49.981087,1.133,1.13303
1937,2019-03-15 13:49:54.176014,1.13301,1.13304
1938,2019-03-15 13:49:54.204147,1.13302,1.13306
1939,2019-03-15 13:49:55.002741,1.13301,1.13304
1940,2019-03-15 13:49:55.026585,1.13299,1.13302
1941,2019-03-15 13:49:55.066903,1.13301,1.13304
1942,2019-03-15 13:49:55.085776,1.133,1.13303
1943,2019-03-15 13:49:55.279102,1.13301,1.13305
1944,2019-03-15 13:49:56.453121,1.133,1.13303
1945,2019-03-15 13:49:56.457528,1.13301,1.13304
1946,2019-03-15 13:49:56.459822,1.133,1.13303
1947,2019-03-15 13:49:56.513699,1.13301,1.13304
1948,2019-03-15 13:49:56.536047,1.133,1.13303
1949,2019-03-15 13:49:56.596402,1.13301,1.13305
1950,2019-03-15 13:49:57.369753,1.133,1.13303
1951,2019-03-15 13:49:57.423277,1.13299,1.13302
1952,2019-03-15 13:49:57.425560,1.13301,1.13304
1953,2019-03-15 13:49:58.075287,1.13302,1.13305
1954,2019-03-15 13:49:58.160650,1.13303,1.13306
1955,2019-03-15 13:49:59.223793,1.13301,1.13304
1956,2019-03-15 13:49:59.226987,1.133,1.13303
1957,2019-03-15 13:49:59.306604,1.13298,1.13301
1958,2019-03-15 13:49:59.375682,1.133,1.13303
1959,2019-03-15 13:49:59.393077,1.13302,1.13305
1960,2019-03-15 13:49:59.400381,1.13301,1.13304
1961,2019-03-15 13:49:59.414833,1.13302,1.13305
1962,2019-03-15 13:49:59.415227,1.13301,1.13304
1963,2019-03-15 13:49:59.432165,1.13302,1.13305
1964,2019-03-15 13:49:59.492886,1.13303,1.13306
1965,2019-03-15 13:49:59.971874,1.13302,1.13305
